pièces,chambres,surface (m²),étage,prix (€),ville
1,,17,7,95000,aix-en-provence
3,2,67,3,365000,aix-en-provence
2,,42,2,251000,aix-en-provence
4,3,175,0,1260000,aix-en-provence
4,3,"94,3",3,750000,aix-en-provence
5,4,135,0,1150000,aix-en-provence
3,2,67,,477000,aix-en-provence
3,2,80,,620000,aix-en-provence
4,3,102,,890000,aix-en-provence
2,,"40,5",,229500,aix-en-provence
3,,67,0,340000,aix-en-provence
3,2,83,2,375000,aix-en-provence
2,,"45,2",2,350000,aix-en-provence
3,2,78,1,300000,aix-en-provence
5,4,175,,1495000,aix-en-provence
2,1,54,0,289000,aix-en-provence
4,3,94,,626000,aix-en-provence
4,,92,0,425000,aix-en-provence
4,2,"103,2",1,695000,aix-en-provence
2,,33,2,240000,aix-en-provence
3,,"65,7",1,505000,aix-en-provence
5,,112,3,629000,aix-en-provence
3,2,"65,9",0,447000,aix-en-provence
2,,49,,270000,aix-en-provence
3,2,58,1,304000,aix-en-provence
3,2,"69,8",,424000,aix-en-provence
2,1,"47,7",3,483500,aix-en-provence
3,2,73,,530000,aix-en-provence
3,2,71,0,485000,aix-en-provence
2,1,"53,9",,319000,aix-en-provence
4,3,"80,6",,479000,aix-en-provence
3,2,76,0,540000,aix-en-provence
2,1,"48,1",,193900,ajaccio
3,2,"64,6",,243500,ajaccio
4,3,"88,1",,313900,ajaccio
2,1,55,0,180000,ajaccio
3,2,77,5,230000,ajaccio
4,3,124,1,420000,ajaccio
3,2,68,4,215000,ajaccio
4,3,91,0,329000,ajaccio
4,3,100,0,499000,ajaccio
3,2,111,0,509000,ajaccio
2,1,35,0,285000,ajaccio
4,3,105,0,101000,ajaccio
2,1,43,5,196000,ajaccio
4,3,88,2,345000,ajaccio
4,3,90,0,599000,ajaccio
2,1,44,2,295000,ajaccio
2,1,50,2,240000,ajaccio
1,,"34,4",1,164000,ajaccio
1,,27,4,184000,ajaccio
4,3,90,0,399000,ajaccio
2,1,35,1,174800,ajaccio
2,1,47,3,239000,ajaccio
4,3,115,1,485000,ajaccio
3,2,56,0,390000,ajaccio
4,3,86,5,399000,ajaccio
2,1,44,2,295000,ajaccio
2,1,"53,4",1,268000,ajaccio
7,3,"131,5",2,610000,ajaccio
4,3,87,4,365000,ajaccio
3,2,70,,330000,ajaccio
2,1,49,2,155000,ajaccio
3,2,69,1,270000,ajaccio
3,2,"68,9",2,144000,amiens
2,1,"43,3",1,92000,amiens
3,2,"61,8",,276000,amiens
2,1,"46,8",,220000,amiens
4,3,"91,5",,399000,amiens
3,,"72,8",,282000,amiens
2,,"45,4",,217000,amiens
2,,"42,8",,175000,amiens
4,,"80,7",,311000,amiens
1,,"27,1",,150000,amiens
4,3,85,0,272000,amiens
2,1,"32,5",,164000,amiens
3,,"55,3",,231000,amiens
2,,"40,8",3,177000,amiens
3,,"57,7",,284500,amiens
2,1,44,2,140000,amiens
1,,"34,7",0,154000,amiens
3,2,"51,3",,291000,amiens
4,,"83,9",,350000,amiens
4,,"95,4",,429500,amiens
4,3,153,0,479000,amiens
3,,"59,8",0,225000,amiens
5,,"115,7",,583000,amiens
2,,"48,2",0,201000,amiens
4,3,"89,3",,548000,amiens
1,,25,3,87000,amiens
3,2,"62,6",2,219000,amiens
5,3,"104,9",,570000,amiens
2,1,24,0,99000,amiens
2,,"43,9",2,174500,amiens
4,3,84,0,261800,angers
2,1,"33,9",,210114,angers
1,,"22,1",,130712,angers
1,,30,1,192000,angers
3,,"58,2",1,355000,angers
2,,"41,6",,250000,angers
2,1,46,2,170500,angers
3,2,55,1,198000,angers
3,2,61,1,174000,angers
2,,"41,6",,209900,angers
2,1,"31,4",4,236740,angers
2,,"45,2",1,224000,angers
4,,"94,2",3,603000,angers
4,3,86,1,288000,angers
2,1,"43,4",0,210300,angers
3,2,"66,9",5,299000,angers
3,,"65,7",1,309000,angers
3,2,"65,1",0,270000,angers
5,4,98,5,323000,angers
4,2,123,1,577500,angers
3,2,"61,6",0,215000,angers
5,3,108,8,253200,angers
4,3,"84,1",5,332000,angers
3,2,"61,1",1,270000,angers
4,3,"80,2",4,359000,angers
5,4,"98,2",4,407000,angers
3,2,61,1,238000,angers
2,1,40,,215500,angers
4,3,81,,289000,angers
3,2,60,,362000,angers
3,2,71,0,359000,angers
2,1,41,1,191000,angers
4,3,94,5,600000,annecy
3,,65,1,635000,annecy
4,,94,1,725000,annecy
2,1,44,7,425000,annecy
2,1,"39,9",0,257000,annecy
5,,102,4,925000,annecy
3,2,58,1,380000,annecy
2,1,46,4,327000,annecy
3,2,65,1,635000,annecy
2,1,"49,7",0,290000,annecy
1,,"27,7",,182000,annecy
4,3,"80,6",0,474000,annecy
3,2,"64,9",1,410000,annecy
3,2,"65,1",4,486000,annecy
3,2,98,2,859500,annecy
2,1,49,1,437500,annecy
5,3,112,4,1280000,annecy
4,2,75,4,299000,annecy
4,3,94,1,725000,annecy
4,3,"79,9",0,490000,annecy
3,2,75,1,499000,annecy
4,3,132,5,1310000,annecy
6,4,180,1,1250000,annecy
4,3,112,4,1280000,annecy
3,,60,,324000,annecy
4,3,"84,9",0,478000,annecy
2,,40,,274800,annecy
5,4,102,4,925000,annecy
4,3,97,6,1250000,annecy
4,3,102,4,590000,annecy
3,,59,1,386400,annecy
2,1,"49,3",1,341000,annecy
3,2,78,3,620000,annecy
3,2,76,0,870000,antibes
2,3,"44,7",,320000,antibes
3,2,73,3,465000,antibes
3,2,63,5,465000,antibes
3,2,"65,1",1,499000,antibes
2,,42,,300000,antibes
4,3,"80,4",0,494000,antibes
4,3,121,3,1750000,antibes
4,,"114,4",,830000,antibes
4,3,76,7,390000,antibes
2,,"29,7",2,239900,antibes
2,1,"56,1",0,279000,antibes
2,1,48,3,435000,antibes
2,,"43,5",4,319000,antibes
2,1,39,,260000,antibes
2,1,"49,3",2,348000,antibes
2,1,"43,7",,369000,antibes
3,2,81,,500000,antibes
3,2,"82,5",2,465000,antibes
2,1,32,,375000,antibes
3,,"63,5",4,549000,antibes
4,3,91,2,650000,antibes
1,,22,,275000,antibes
3,2,80,3,1743000,antibes
4,3,"81,7",1,495000,antibes
2,,"44,3",,345000,antibes
3,2,56,,460000,antibes
2,1,"38,8",,215000,antibes
2,1,"29,5",0,245000,antibes
3,2,56,,625000,antibes
2,1,"35,7",3,235000,antibes
4,3,"157,3",2,2250000,antibes
3,2,"68,2",,529000,antibes
2,,43,1,208000,argenteuil
3,,64,0,271000,argenteuil
4,,83,1,295000,argenteuil
4,3,80,2,295000,argenteuil
4,2,88,0,348000,argenteuil
3,2,63,1,263000,argenteuil
5,3,126,4,500000,argenteuil
3,2,,,299900,argenteuil
4,2,80,2,339000,argenteuil
6,4,"103,8",2,399000,argenteuil
4,3,,,349900,argenteuil
4,3,82,4,275000,argenteuil
2,1,,,213900,argenteuil
6,3,224,0,675000,argenteuil
5,3,,,419900,argenteuil
2,,43,0,197100,argenteuil
3,,"64,7",1,267200,argenteuil
1,,"30,4",,168000,argenteuil
3,2,"65,7",3,308100,argenteuil
4,,"83,2",1,304000,argenteuil
2,,"36,7",,192000,argenteuil
3,2,60,3,244950,argenteuil
2,1,"40,8",1,250000,argenteuil
3,,67,,250000,argenteuil
3,,"57,9",,272000,argenteuil
3,2,89,2,249000,argenteuil
1,,"29,7",4,220000,argenteuil
4,3,"81,9",1,280000,argenteuil
5,3,93,1,260000,argenteuil
4,3,83,,295000,argenteuil
4,3,"77,4",4,323800,argenteuil
4,2,81,,205400,argenteuil
3,2,67,0,370000,asnières-sur-seine
1,,26,9,218913,asnières-sur-seine
2,,44,2,279575,asnières-sur-seine
7,5,172,5,1550000,asnières-sur-seine
6,4,"171,8",8,1995000,asnières-sur-seine
3,,59,4,339358,asnières-sur-seine
3,2,51,6,280000,asnières-sur-seine
3,2,56,1,340000,asnières-sur-seine
6,4,"116,4",1,915000,asnières-sur-seine
3,2,"68,2",,255000,asnières-sur-seine
4,,88,3,449254,asnières-sur-seine
3,,"59,2",9,359579,asnières-sur-seine
4,3,72,5,425000,asnières-sur-seine
5,,102,3,549479,asnières-sur-seine
4,3,86,6,436000,asnières-sur-seine
1,,"26,2",9,249000,asnières-sur-seine
2,,"44,9",2,279575,asnières-sur-seine
5,4,93,9,499000,asnières-sur-seine
2,,"44,7",3,378500,asnières-sur-seine
1,,"31,5",3,225000,asnières-sur-seine
4,,"88,4",3,449254,asnières-sur-seine
3,,"68,8",1,489800,asnières-sur-seine
3,2,79,,570000,asnières-sur-seine
3,2,52,3,340000,asnières-sur-seine
2,1,31,0,222600,asnières-sur-seine
4,3,93,,449000,asnières-sur-seine
5,4,212,1,1669000,asnières-sur-seine
4,,"88,9",4,642700,asnières-sur-seine
4,3,82,1,580000,asnières-sur-seine
5,,"102,6",3,549479,asnières-sur-seine
2,1,44,,308000,asnières-sur-seine
4,3,97,1,790000,asnières-sur-seine
3,2,67,1,188000,avignon
1,,19,3,71000,avignon
3,2,80,3,290000,avignon
1,,42,1,137000,avignon
2,1,57,0,149000,avignon
3,2,68,6,139000,avignon
1,,23,2,92000,avignon
3,2,61,1,290000,avignon
5,4,87,,66000,avignon
3,2,"60,3",,240000,avignon
2,,42,,154000,avignon
3,,"59,2",,222000,avignon
3,2,64,,223040,avignon
4,,"76,2",,271000,avignon
5,,"91,2",,415000,avignon
2,,45,1,189000,avignon
3,,63,1,244200,avignon
4,,80,1,310000,avignon
3,2,90,,380000,avignon
2,1,46,1,185000,avignon
3,2,60,,165000,avignon
5,3,98,1,175000,avignon
3,2,79,2,139000,avignon
4,3,"83,5",,289000,avignon
5,3,124,6,490000,avignon
4,3,85,2,281000,avignon
5,3,119,3,399500,avignon
3,2,66,1,225000,avignon
3,2,54,2,189000,avignon
4,3,78,1,259000,avignon
2,1,55,1,158000,avignon
2,1,41,,145000,avignon
2,1,46,1,169679,besançon
3,2,"63,1",1,223308,besançon
4,3,"77,6",2,294521,besançon
4,2,76,3,179000,besançon
3,2,"61,2",0,189000,besançon
4,3,71,0,179000,besançon
4,3,85,2,155000,besançon
4,3,111,0,225000,besançon
4,2,70,4,155000,besançon
4,3,83,,211500,besançon
3,2,53,1,129000,besançon
2,1,"50,7",0,99000,besançon
4,3,60,2,135000,besançon
5,3,98,2,199000,besançon
3,3,85,2,210000,besançon
4,3,83,2,148000,besançon
6,4,135,1,346900,besançon
4,2,82,,125000,besançon
4,2,76,1,107100,besançon
2,1,"66,3",0,190000,besançon
4,2,74,2,145000,besançon
3,2,65,0,180000,besançon
3,2,62,1,195000,besançon
3,2,65,2,197000,besançon
5,3,124,5,365000,besançon
5,1,136,1,335000,besançon
3,2,62,,144000,besançon
4,2,69,1,130000,besançon
3,2,80,1,155000,besançon
5,3,"125,6",3,225000,besançon
1,,"17,3",1,69000,besançon
3,,62,1,290000,brest
2,,38,,183000,brest
4,,90,1,395000,brest
2,1,"38,3",,167000,brest
5,3,"111,2",4,337600,brest
3,1,55,5,167000,brest
2,,"40,7",,165900,brest
2,,"43,9",,141000,brest
2,1,40,,155000,brest
3,2,60,0,262506,brest
2,1,40,,204144,brest
3,,"59,4",,243900,brest
3,,"62,8",,190000,brest
3,2,60,,269000,brest
2,1,40,0,249000,brest
3,2,60,,286202,brest
2,1,40,,250000,brest
6,3,128,2,321500,brest
3,2,60,,452000,brest
4,3,75,,360000,brest
3,2,60,0,329000,brest
4,3,75,,355243,brest
4,,"88,1",,329900,brest
3,,59,0,251000,brest
3,,"65,8",,143100,brest
4,3,75,,996000,brest
4,,"90,2",,364000,brest
3,2,"61,9",2,259000,brest
2,1,43,,249000,brest
4,3,"101,2",0,305620,brest
3,2,68,,329000,brest
4,2,71,1,245000,brest
3,,"60,6",3,316000,caen
3,2,"69,3",0,330000,caen
4,3,"86,6",4,350000,caen
3,,"62,1",0,328000,caen
3,2,74,0,156100,caen
5,3,"108,5",0,480000,caen
5,3,"95,2",0,390000,caen
2,1,44,,179000,caen
1,,22,,132000,caen
3,,71,7,294900,caen
4,3,87,4,350000,caen
2,1,43,,217900,caen
3,2,62,,244000,caen
5,4,"95,1",,414000,caen
3,2,"57,8",0,217000,caen
2,,"46,5",,254838,caen
4,3,85,,430000,caen
3,,"64,1",,314386,caen
5,4,110,,514000,caen
1,,"24,7",1,145000,caen
4,,"79,2",,358125,caen
2,,"30,5",0,163000,caen
3,,"61,9",0,266000,caen
2,,56,1,194900,caen
3,,"98,9",,861900,caen
2,1,50,0,127100,caen
4,3,88,6,245700,caen
4,2,148,422514056,83750,caen
5,3,96,3,426000,caen
1,,33,3,100000,caen
5,3,"102,2",4,429000,caen
2,1,43,1,192440,caen
2,1,54,0,443000,cannes
2,1,33,3,395000,cannes
2,,40,,390000,cannes
2,1,35,0,265000,cannes
4,3,"103,5",3,409000,cannes
3,,65,,590000,cannes
3,2,57,0,530000,cannes
4,,85,,850000,cannes
4,3,160,1,995000,cannes
3,2,56,0,495000,cannes
3,2,"103,3",3,1490000,cannes
2,1,68,1,498000,cannes
4,,"89,6",,780000,cannes
3,2,"56,7",,355000,cannes
3,2,"59,9",1,429000,cannes
2,1,"30,1",1,350000,cannes
3,2,71,4,960000,cannes
3,2,47,5,725000,cannes
6,5,"239,4",,2100000,cannes
4,3,84,4,489000,cannes
5,,"127,2",,1950000,cannes
2,1,57,3,479000,cannes
4,3,"72,3",,425000,cannes
3,2,"68,7",2,415000,cannes
1,,33,2,269000,cannes
3,2,"65,4",3,695000,cannes
5,3,"132,4",2,1696000,cannes
4,3,"83,1",0,489000,cannes
3,2,"82,2",1,695000,cannes
4,3,"95,8",2,1210000,cannes
3,2,54,1,219000,cannes
3,2,"76,9",,960000,cannes
2,1,52,,187196,chambery
3,2,75,,263431,chambery
4,3,86,,290860,chambery
2,,"45,8",1,235000,chambery
5,4,102,,350698,chambery
3,,"67,9",4,279000,chambery
4,3,86,10,417600,chambery
5,3,"102,2",8,474750,chambery
4,,"79,7",4,322000,chambery
4,3,"114,6",1,350000,chambery
5,,"128,4",4,599000,chambery
4,3,114,1,350000,chambery
5,4,96,3,339000,chambery
3,2,63,1,266000,chambery
5,3,150,2,489000,chambery
4,3,93,1,225000,chambery
4,2,76,1,187500,chambery
4,3,101,7,239000,chambery
3,2,"57,5",1,170000,chambery
4,2,90,2,250000,chambery
7,5,203,1,318000,chambery
5,4,"117,5",6,339900,chambery
1,,27,2,176000,chambery
4,,"91,9",,412000,chambery
2,1,44,2,160000,chambery
7,5,"169,6",1,449900,chambery
5,4,93,0,399000,chambery
2,1,44,1,228000,chambery
4,3,86,4,399000,chambery
4,3,"66,5",0,285000,chambery
4,3,"90,3",3,219900,chambery
4,3,78,1,236600,chambery
1,,"35,1",0,170950,clermont-ferrand
2,,"41,5",0,194400,clermont-ferrand
3,,"57,4",0,267770,clermont-ferrand
5,4,84,2,179000,clermont-ferrand
3,,75,0,157000,clermont-ferrand
3,,"63,2",,322500,clermont-ferrand
2,,"42,5",1,159000,clermont-ferrand
2,,41,2,159000,clermont-ferrand
1,,"31,3",2,129000,clermont-ferrand
3,,"58,4",3,201500,clermont-ferrand
1,,"31,6",,165000,clermont-ferrand
2,,"41,4",4,183000,clermont-ferrand
4,,76,2,259000,clermont-ferrand
3,,"60,6",1,219000,clermont-ferrand
3,,"59,2",3,248800,clermont-ferrand
3,,"58,4",8,229000,clermont-ferrand
1,,"29,3",1,119000,clermont-ferrand
1,,18,4,50500,clermont-ferrand
4,,"104,6",,430000,clermont-ferrand
5,,"132,5",5,519000,clermont-ferrand
1,,"22,8",,109000,clermont-ferrand
2,,"38,1",,180000,clermont-ferrand
1,,"32,6",1,215560,clermont-ferrand
4,,"90,7",3,293500,clermont-ferrand
1,,"31,5",1,139900,clermont-ferrand
4,,"83,4",2,269000,clermont-ferrand
2,1,,,153000,clermont-ferrand
2,,"39,9",,241411,clermont-ferrand
2,,"39,8",0,142900,clermont-ferrand
3,,"61,7",1,261000,clermont-ferrand
3,,"52,6",1,342309,clermont-ferrand
3,2,,,210000,clermont-ferrand
3,,"73,1",1,276595,colmar
1,,"31,6",1,148194,colmar
2,,"45,9",3,210254,colmar
4,,"85,4",4,380920,colmar
3,2,"63,9",,279400,colmar
2,,44,1,216500,colmar
5,,"142,5",8,887030,colmar
4,3,"84,1",,360900,colmar
2,,"35,1",,198000,colmar
1,,"34,3",,149900,colmar
1,,"24,6",,124000,colmar
2,1,39,,167000,colmar
1,,19,,99000,colmar
3,2,73,,399000,colmar
3,,58,1,283800,colmar
3,2,60,,264000,colmar
4,3,83,,359000,colmar
4,3,88,,379000,colmar
3,2,"67,4",,302000,colmar
4,,98,3,489100,colmar
5,3,"127,8",,799000,colmar
3,2,90,1,244000,colmar
2,1,29,1,139900,colmar
2,1,"44,3",,158000,colmar
5,3,112,0,249100,colmar
4,2,77,1,192000,colmar
2,1,"46,2",4,116000,colmar
3,2,69,0,179000,colmar
3,2,78,3,173000,colmar
3,2,76,3,120750,colmar
4,3,74,0,190000,colmar
5,3,107,0,315000,colmar
4,2,77,5,379900,colombes
5,3,144,3,1145000,colombes
2,1,50,1,299000,colombes
6,5,143,0,710000,colombes
5,2,80,2,200000,colombes
3,2,"65,6",,352758,colombes
2,,"41,2",,270000,colombes
3,,"62,4",1,363000,colombes
2,,"40,9",3,301200,colombes
3,,57,,263813,colombes
2,,"39,5",1,253500,colombes
1,,"29,8",,254300,colombes
3,,"58,3",,371000,colombes
1,,"33,9",1,203500,colombes
2,,44,3,262500,colombes
3,,"59,1",2,358900,colombes
3,2,63,2,295000,colombes
4,3,"81,2",,416758,colombes
2,,"39,7",2,272600,colombes
4,,"75,2",,464000,colombes
3,,"63,9",3,325000,colombes
3,2,"69,2",4,394000,colombes
4,,"86,6",2,537900,colombes
4,3,"82,7",2,820000,colombes
3,2,58,0,280000,colombes
3,2,59,4,349900,colombes
4,,"79,2",1,479000,colombes
5,4,"97,6",,550000,colombes
4,,"81,2",1,384500,colombes
3,,"58,8",1,352600,colombes
2,1,"40,8",5,292000,colombes
2,1,"41,4",,190000,colombes
2,,41,4,239000,creteil
1,,34,4,221000,creteil
3,,64,5,288000,creteil
4,,78,4,366000,creteil
5,3,114,3,464000,creteil
3,2,54,6,252000,creteil
2,1,43,,235000,creteil
1,,35,,219000,creteil
2,1,46,8,239000,creteil
3,,65,,390000,creteil
2,1,"45,8",,218900,creteil
3,2,65,,279000,creteil
4,3,97,10,315000,creteil
3,2,"62,1",,272021,creteil
4,3,82,,369000,creteil
3,2,75,1,357000,creteil
1,,"18,8",3,152894,creteil
2,1,"45,1",,208825,creteil
1,,"31,5",0,180000,creteil
1,,"19,7",1,139000,creteil
4,3,"85,4",,418642,creteil
3,2,"62,1",,260893,creteil
3,2,"66,6",0,315000,creteil
3,,64,0,520000,creteil
1,,"34,2",8,237000,creteil
3,,"62,3",10,332000,creteil
4,3,"85,4",,401515,creteil
3,2,66,,305000,creteil
5,3,102,3,309500,creteil
4,,78,7,387000,creteil
3,,"61,8",3,285000,creteil
3,2,66,14,224900,creteil
3,2,"83,8",3,229000,dijon
2,1,40,0,169000,dijon
3,,"58,9",3,191583,dijon
2,,43,,183000,dijon
6,4,141,1,399000,dijon
3,2,63,,267000,dijon
3,2,79,4,152000,dijon
4,,"75,5",2,220916,dijon
1,,"25,2",1,123000,dijon
4,3,87,,247100,dijon
2,1,40,,180000,dijon
3,2,"58,9",1,221000,dijon
2,1,43,,178500,dijon
3,,"62,3",1,204000,dijon
4,3,77,,298000,dijon
1,,25,,139000,dijon
3,2,60,,240000,dijon
3,2,59,,219000,dijon
4,3,75,,399000,dijon
5,,"112,2",6,411583,dijon
5,3,"94,4",1,339000,dijon
1,,"19,8",,138500,dijon
1,,"17,2",,120500,dijon
2,1,"37,5",1,150000,dijon
2,1,40,,179000,dijon
3,2,60,,325000,dijon
3,2,"62,6",1,255000,dijon
3,2,"75,5",2,255000,dijon
3,2,60,,213000,dijon
4,3,"73,4",0,289000,dijon
2,,"35,3",,151000,dijon
1,,"19,3",,122000,dijon
1,,20,0,65000,grenoble
3,2,"65,4",1,162000,grenoble
4,2,"84,5",3,195000,grenoble
4,3,"136,4",1,430000,grenoble
2,1,"37,2",5,105000,grenoble
3,2,70,2,177000,grenoble
6,4,189,3,630000,grenoble
5,3,82,6,133750,grenoble
3,2,"99,8",3,449000,grenoble
2,,39,,141000,grenoble
3,2,"99,8",3,449000,grenoble
1,,"25,5",4,87000,grenoble
4,3,88,3,288000,grenoble
2,,"46,5",,214000,grenoble
3,,"64,1",,199000,grenoble
4,4,96,2,190000,grenoble
2,1,"51,4",2,215000,grenoble
3,2,"103,3",5,310000,grenoble
4,3,"90,2",1,395000,grenoble
4,3,"90,2",1,395000,grenoble
5,3,"107,9",1,220000,grenoble
1,,"31,7",1,157000,grenoble
2,1,"55,6",6,155000,grenoble
4,3,"77,2",,279000,grenoble
2,,"46,3",3,203000,grenoble
2,1,55,9,100000,grenoble
1,,"36,9",2,159000,grenoble
1,,"36,9",2,159000,grenoble
5,4,191,3,495000,grenoble
3,2,57,3,129000,grenoble
1,,20,3,36000,grenoble
3,2,"68,8",1,248000,grenoble
3,2,"64,7",1,267000,le-havre
8,4,98,1,295000,le-havre
5,3,"115,6",0,449000,le-havre
3,2,81,0,228000,le-havre
4,,"129,2",6,938000,le-havre
2,,39,2,209000,le-havre
1,,"23,9",2,135000,le-havre
3,2,45,1,149000,le-havre
3,,"54,4",2,252000,le-havre
2,,68,,223300,le-havre
3,2,68,1,89000,le-havre
4,,75,2,345000,le-havre
2,,"45,3",4,179900,le-havre
5,,"104,4",2,449000,le-havre
1,,"21,4",4,98900,le-havre
3,,"70,5",1,238900,le-havre
2,1,33,,170000,le-havre
3,2,"55,3",,268000,le-havre
4,3,"66,3",,325000,le-havre
5,4,97,,479000,le-havre
6,5,"134,2",,670000,le-havre
3,,70,,205000,le-havre
2,,43,,130000,le-havre
3,,68,,232500,le-havre
2,1,74,0,199500,le-havre
3,2,64,3,173000,le-havre
3,1,18,1,45000,le-havre
5,4,97,1,149900,le-havre
3,2,61,0,195000,le-havre
5,4,86,0,98000,le-havre
2,1,46,1,129000,le-havre
5,4,91,0,231000,le-havre
5,4,97,3,105000,lemans
2,1,58,2,115000,lemans
3,1,38,2,150000,lemans
1,,"19,9",0,95800,lemans
4,3,67,3,159900,lemans
1,,"20,9",,124900,lemans
4,,"78,2",,326000,lemans
2,,"36,9",5,149500,lemans
1,,"22,5",,99000,lemans
2,,"39,4",,162900,lemans
1,,"28,7",,148900,lemans
3,,"59,7",,229500,lemans
5,,"108,5",10,470000,lemans
6,,"120,9",7,560000,lemans
4,,"100,5",3,398000,lemans
4,,"79,7",,288000,lemans
4,2,81,5,169900,lemans
6,3,143,2,399000,lemans
5,3,119,4,369000,lemans
2,1,35,4,97000,lemans
3,2,82,,128400,lemans
2,1,54,1,123500,lemans
4,3,96,5,199500,lemans
3,2,63,0,128250,lemans
3,2,59,4,85600,lemans
4,2,"98,5",1,146500,lemans
2,1,"45,5",2,179500,lemans
2,1,"45,5",1,175500,lemans
4,3,85,5,107200,lemans
1,,"20,9",1,96300,lemans
4,3,"81,4",2,462000,lille
3,2,85,1,368000,lille
5,4,96,2,243000,lille
3,2,80,1,499000,lille
2,1,42,0,199000,lille
5,4,128,,660000,lille
5,4,"202,2",4,750000,lille
4,3,102,1,348000,lille
4,3,196,,1175000,lille
3,,"68,4",3,362000,lille
5,4,136,5,620000,lille
3,2,98,3,262500,lille
4,3,102,1,342000,lille
4,3,105,3,520000,lille
3,2,"65,2",3,299000,lille
3,2,65,3,299000,lille
4,3,111,,567000,lille
3,2,60,,335000,lille
4,3,106,,520000,lille
1,,31,5,174000,lille
3,2,"82,8",3,568200,lille
4,3,104,,479000,lille
3,,65,4,470000,lille
1,,"28,3",2,180000,lille
3,2,82,6,430000,lille
1,1,30,0,139000,lille
2,,"45,3",3,290000,lille
1,,"38,8",4,180000,lille
2,,"47,9",,284000,lille
4,3,"107,9",1,689000,lille
2,,"46,7",1,219000,lille
4,3,97,0,199000,lille
4,2,81,2,180000,limoges
3,2,76,1,228000,limoges
2,1,50,0,129000,limoges
4,3,95,1,149000,limoges
1,,"18,5",2,100200,limoges
3,2,55,1,68000,limoges
5,3,103,3,249000,limoges
3,2,91,1,139500,limoges
4,3,155,1,254400,limoges
2,,"45,5",0,135000,limoges
3,2,58,3,69300,limoges
4,3,97,1,191530,limoges
2,1,40,2,83545,limoges
2,1,40,4,59900,limoges
5,3,86,1,128520,limoges
3,2,59,2,76000,limoges
2,1,37,0,54500,limoges
4,2,73,0,81312,limoges
2,1,45,3,68000,limoges
1,,34,1,62415,limoges
3,2,92,3,230000,limoges
3,2,71,1,99000,limoges
4,3,89,,124900,limoges
3,,65,0,179000,limoges
4,2,67,1,71000,limoges
2,1,"59,9",3,110250,limoges
3,2,64,3,118000,limoges
3,2,"86,7",6,328000,limoges
3,2,69,7,149900,limoges
4,3,107,,267750,limoges
3,2,77,3,139000,limoges
3,2,65,2,109500,limoges
4,3,"78,7",0,180000,lyon
3,2,95,2,475000,lyon
3,2,62,3,319000,lyon
3,2,64,0,299900,lyon
3,2,82,1,339000,lyon
5,3,106,1,530000,lyon
5,3,140,3,630000,lyon
6,4,179,4,868000,lyon
3,2,120,3,680000,lyon
2,1,"44,8",,225000,lyon
4,3,100,2,620000,lyon
2,1,"42,1",3,283000,lyon
3,2,146,2,633000,lyon
3,2,67,4,300000,lyon
3,2,63,1,259000,lyon
2,1,58,3,259000,lyon
2,1,50,0,230000,lyon
3,2,"59,8",5,380000,lyon
2,1,42,3,220000,lyon
3,2,70,4,530000,lyon
4,3,87,4,350000,lyon
3,2,71,1,500000,lyon
5,3,121,6,470000,lyon
1,,"17,4",2,58000,lyon
2,,"49,2",4,219000,lyon
3,,"62,3",3,480000,lyon
2,1,53,2,260000,lyon
4,3,118,1,498000,lyon
2,,"30,9",4,159000,lyon
4,3,117,3,799000,lyon
4,,86,2,670000,lyon
2,1,28,7,189000,lyon
3,3,"96,4",0,190000,marseille
3,2,76,2,310000,marseille
3,2,63,0,369900,marseille
4,3,115,6,530000,marseille
3,2,76,2,395000,marseille
4,3,122,1,995000,marseille
4,3,88,9,310000,marseille
3,2,81,1,469000,marseille
5,4,89,0,329000,marseille
3,2,"66,6",5,399000,marseille
3,2,67,0,360000,marseille
4,3,91,14,375000,marseille
3,2,80,3,430000,marseille
4,3,75,1,299000,marseille
3,2,72,2,320000,marseille
5,3,134,14,590000,marseille
3,2,70,3,365000,marseille
3,2,58,0,235000,marseille
4,2,95,2,420000,marseille
3,2,66,1,295000,marseille
5,4,145,,1250000,marseille
4,3,104,1,409000,marseille
3,2,103,0,799000,marseille
2,1,60,3,249000,marseille
4,2,89,7,403000,marseille
3,2,65,1,237000,marseille
3,2,"54,2",2,319000,marseille
2,1,"55,5",4,230000,marseille
3,2,"53,3",3,117000,marseille
2,1,"40,8",1,246750,marseille
3,2,72,4,430000,marseille
3,2,73,3,390000,marseille
3,2,59,3,499000,marseille
3,2,"66,9",,293490,metz
2,1,44,,211000,metz
1,,34,,168268,metz
4,2,"111,9",,446000,metz
5,3,"146,2",,677238,metz
7,5,217,1,435000,metz
3,2,66,2,224000,metz
2,1,"39,6",2,190000,metz
1,,"30,8",1,162180,metz
3,,"67,9",0,274000,metz
2,,"44,5",6,200340,metz
3,2,"60,6",1,233000,metz
1,,"37,5",0,193000,metz
4,3,89,0,314000,metz
3,,"64,2",1,261290,metz
3,,"65,5",1,287000,metz
1,,"24,6",3,160000,metz
6,4,"136,9",1,424000,metz
4,,"75,6",3,316940,metz
3,,"65,9",1,258000,metz
5,,"98,7",2,420000,metz
2,,"40,8",0,156000,metz
1,,"24,8",0,118000,metz
4,,"79,2",0,330000,metz
2,1,46,,217425,metz
5,,"101,3",9,539540,metz
3,,"56,8",0,195000,metz
3,,"62,1",1,205000,metz
2,,"41,1",1,152733,metz
4,,"83,9",5,296192,metz
1,,"24,3",3,155500,metz
5,,"98,4",4,477000,metz
4,3,97,6,739000,montpellier
4,3,100,3,400000,montpellier
3,2,76,5,450000,montpellier
2,,32,2,162000,montpellier
4,4,87,1,229000,montpellier
5,3,98,2,400000,montpellier
2,1,"44,7",,262000,montpellier
3,2,86,4,519000,montpellier
3,2,58,0,185000,montpellier
2,1,43,,174954,montpellier
4,3,"92,4",,511000,montpellier
2,1,34,3,187000,montpellier
3,2,"65,1",,340000,montpellier
4,3,88,,258000,montpellier
3,2,66,4,258000,montpellier
3,2,65,3,418000,montpellier
2,1,41,,265000,montpellier
2,,48,5,290000,montpellier
3,,"73,4",7,460000,montpellier
4,3,103,4,540000,montpellier
1,,"30,2",,156492,montpellier
2,1,"39,6",,195176,montpellier
4,,"109,1",10,850000,montpellier
3,,61,,227704,montpellier
4,3,"73,5",,223000,montpellier
1,,"24,9",,205000,montpellier
4,3,"89,3",,413100,montpellier
4,,79,,322999,montpellier
2,1,44,,193812,montpellier
2,1,40,,236000,montpellier
2,,42,,144374,montpellier
2,,37,,260000,montpellier
3,2,59,,339000,montpellier
2,,41,2,121000,mulhouse
2,1,41,,143000,mulhouse
3,2,"66,3",,198692,mulhouse
2,,"43,5",5,181000,mulhouse
3,2,"65,2",,232000,mulhouse
2,1,"38,7",1,129358,mulhouse
3,,"56,5",1,219000,mulhouse
4,3,"97,6",,367000,mulhouse
4,,"103,5",1,379000,mulhouse
3,2,60,,197000,mulhouse
5,4,129,,483000,mulhouse
4,,"104,4",1,368500,mulhouse
3,,"72,6",0,259000,mulhouse
4,,"97,6",4,404000,mulhouse
5,,129,4,520000,mulhouse
4,2,"85,8",3,119900,mulhouse
4,3,118,3,113000,mulhouse
4,1,160,0,209880,mulhouse
2,1,84,1,243800,mulhouse
3,2,"78,5",,140000,mulhouse
2,1,"59,7",,66415,mulhouse
6,3,133,2,349000,mulhouse
3,2,69,2,115000,mulhouse
3,2,55,,169000,mulhouse
2,1,56,0,79500,mulhouse
3,2,84,1,149500,mulhouse
4,2,120,1,149800,mulhouse
2,1,"56,6",2,108250,mulhouse
2,1,43,2,59900,mulhouse
3,,58,4,71400,mulhouse
3,2,"57,2",0,149000,mulhouse
3,2,"78,4",1,109000,mulhouse
2,1,39,2,125000,nancy
4,3,83,2,167000,nancy
1,,"39,9",5,173000,nancy
2,,"40,6",1,146730,nancy
3,,"59,5",1,187678,nancy
4,3,105,2,325000,nancy
4,3,110,0,364000,nancy
2,1,49,1,125000,nancy
3,2,92,0,185000,nancy
2,1,41,,210743,nancy
4,3,81,3,240000,nancy
2,1,37,3,100000,nancy
3,2,58,4,139000,nancy
4,3,170,0,399000,nancy
2,1,42,1,126000,nancy
2,1,"37,6",,157900,nancy
3,2,"55,9",,213900,nancy
4,,"82,3",,284900,nancy
1,,"27,2",3,114292,nancy
2,,"38,7",3,166163,nancy
3,,61,1,224188,nancy
4,,"81,7",1,289246,nancy
3,2,"56,1",2,242000,nancy
3,2,89,1,159000,nancy
4,3,"76,3",1,307000,nancy
5,4,79,2,199000,nancy
1,,24,3,80000,nancy
3,2,60,1,180000,nancy
3,2,71,1,157000,nancy
2,1,30,2,87500,nancy
3,2,60,1,149000,nancy
4,3,109,3,325000,nancy
2,1,39,3,238000,nanterre
3,2,67,1,290000,nanterre
3,2,70,5,335000,nanterre
2,1,44,1,180000,nanterre
3,2,57,2,240000,nanterre
2,1,39,4,190000,nanterre
2,1,"43,4",4,247000,nanterre
1,,"42,1",0,258700,nanterre
4,3,80,2,373000,nanterre
4,2,86,1,565000,nanterre
3,2,"64,6",1,312400,nanterre
3,2,68,0,382000,nanterre
3,2,52,1,320000,nanterre
3,,"73,2",9,518000,nanterre
2,,"48,7",1,297000,nanterre
4,3,91,4,525000,nanterre
6,4,143,0,899000,nanterre
4,3,"79,5",5,372400,nanterre
5,3,91,4,525000,nanterre
3,,"63,6",2,369000,nanterre
2,1,"37,9",,239000,nanterre
5,3,"102,7",3,475700,nanterre
2,1,"51,4",0,289000,nanterre
3,1,60,3,395000,nanterre
4,,"92,4",0,515000,nanterre
3,,"67,4",2,390000,nanterre
3,2,"64,8",1,320000,nanterre
4,,"76,4",6,456000,nanterre
4,,"78,5",1,468500,nanterre
5,,"112,4",0,618000,nanterre
2,1,"47,4",,300000,nanterre
4,2,86,2,399000,nanterre
3,2,75,3,219900,nantes
4,2,"74,8",4,267500,nantes
2,1,41,4,132500,nantes
3,2,62,5,177500,nantes
4,3,"88,2",2,590000,nantes
1,,"23,1",2,127000,nantes
2,,"36,9",1,166000,nantes
5,3,"128,3",3,679000,nantes
5,3,"119,6",2,703000,nantes
3,2,"61,5",,291042,nantes
2,,"53,2",1,242300,nantes
2,1,"42,4",,152100,nantes
2,,"42,6",1,198100,nantes
1,,"33,9",1,175000,nantes
1,,"30,5",,116500,nantes
2,,"36,7",,189000,nantes
4,3,82,0,495000,nantes
1,,34,0,235000,nantes
5,4,95,2,237500,nantes
3,2,67,1,430000,nantes
3,2,63,,223200,nantes
3,,65,4,264900,nantes
4,,"89,8",7,360000,nantes
1,,29,3,155000,nantes
3,,"55,8",1,246900,nantes
3,,"52,1",1,235100,nantes
2,1,"27,6",,152000,nantes
1,,"16,9",,98900,nantes
4,,91,,389000,nantes
3,2,"63,9",0,299000,nantes
3,2,"75,3",0,338988,nantes
4,3,"74,4",,268900,nantes
3,2,"69,5",0,339000,nice
3,2,68,5,478000,nice
4,3,103,2,810000,nice
4,3,88,3,415000,nice
2,1,"40,2",5,70000,nice
3,2,66,5,650000,nice
2,1,74,3,319000,nice
1,,"32,8",1,199000,nice
4,3,"79,1",5,550000,nice
2,1,"40,1",6,250000,nice
2,1,"45,7",,320200,nice
3,2,65,4,305000,nice
3,1,78,0,520000,nice
3,3,66,1,310000,nice
4,2,80,,479000,nice
2,1,63,1,415000,nice
2,1,97,5,695000,nice
4,3,77,1,399000,nice
3,2,"68,2",2,470000,nice
3,2,"52,3",4,375000,nice
4,2,"105,4",0,682500,nice
3,2,57,3,299000,nice
2,1,38,3,365000,nice
3,2,59,4,209000,nice
2,1,63,3,980000,nice
3,2,"70,6",5,498000,nice
4,3,"79,5",1,414000,nice
1,,"22,3",5,189000,nice
3,2,"44,4",4,345000,nice
3,2,"59,8",,199900,nice
3,2,"118,2",0,890000,nice
3,2,74,,395000,nice
4,3,100,2,389000,nice
4,3,81,3,231750,nimes
4,3,"84,2",,395000,nimes
3,2,"74,4",,276000,nimes
2,1,"47,1",,185000,nimes
5,4,"99,4",,393000,nimes
4,3,72,,96500,nimes
2,1,"46,8",,210000,nimes
4,3,"96,4",,420000,nimes
3,2,"66,5",,300000,nimes
2,1,45,,196166,nimes
3,2,60,,215500,nimes
2,1,47,,210000,nimes
2,,41,,210000,nimes
3,2,64,,240000,nimes
3,2,64,,285000,nimes
3,,73,,336000,nimes
3,,58,,210000,nimes
3,2,66,,310000,nimes
3,2,64,,229900,nimes
3,2,76,3,265000,nimes
3,2,75,2,243000,nimes
4,3,75,0,275000,nimes
4,3,75,,319500,nimes
3,2,67,,254000,nimes
4,3,,,145000,nimes
4,3,86,,407000,nimes
4,,87,,288000,nimes
5,3,127,2,384000,nimes
3,,62,,236900,nimes
4,3,88,,495000,nimes
2,1,41,,213895,nimes
5,4,99,,393000,nimes
4,3,96,,420000,nimes
4,3,76,1,224000,orleans
3,2,75,1,339000,orleans
4,2,105,1,225000,orleans
3,,"62,5",1,274000,orleans
1,,"28,3",1,169000,orleans
2,,"42,5",1,195000,orleans
4,,"87,2",5,380000,orleans
6,3,188,0,790000,orleans
4,2,"68,6",,230000,orleans
3,,"60,8",1,250800,orleans
4,3,90,1,365000,orleans
3,2,59,1,152900,orleans
1,,"16,7",3,86635,orleans
4,3,80,1,349000,orleans
1,,"34,2",2,161000,orleans
1,,"34,1",1,160000,orleans
2,2,"34,3",,184040,orleans
3,,"61,9",0,289900,orleans
1,,17,,114400,orleans
3,2,64,4,213000,orleans
3,2,56,10,124000,orleans
4,,"94,2",0,399900,orleans
3,2,58,2,161000,orleans
1,,"28,5",3,154226,orleans
5,,139,1,799900,orleans
3,,"54,1",1,259900,orleans
3,,"67,8",0,279000,orleans
3,2,60,,299000,orleans
4,,"81,2",2,449900,orleans
4,,"80,5",0,276938,orleans
5,,"122,2",3,675000,orleans
1,,20,1,98300,orleans
3,2,53,2,610000,paris
4,2,"89,4",9,699000,paris
2,1,"24,5",5,332500,paris
1,,"24,5",5,332500,paris
3,2,"47,4",3,670000,paris
4,3,"81,1",3,885000,paris
4,1,84,5,1250000,paris
2,1,44,0,780000,paris
3,2,51,4,445000,paris
4,3,"132,3",1,925000,paris
3,2,74,1,699000,paris
2,1,"43,9",0,409000,paris
4,2,96,12,993000,paris
3,2,99,3,1390000,paris
5,3,"147,5",6,2490000,paris
6,4,"200,8",2,1990000,paris
1,,25,2,290000,paris
6,4,158,2,3650000,paris
3,2,"51,3",5,850000,paris
4,2,"94,1",3,1650000,paris
5,3,"105,5",1,1628000,paris
2,1,70,1,720000,paris
2,1,58,,685000,paris
3,2,"57,5",3,770000,paris
3,2,61,2,345000,paris
2,1,55,1,450000,paris
1,,42,8,310000,paris
2,1,44,1,375000,paris
5,4,"132,3",1,925000,paris
1,,10,6,128000,paris
4,2,"82,6",5,1300000,paris
4,3,103,3,1198500,paris
3,2,"58,7",4,895000,paris
3,2,"76,3",3,249000,perpignan
3,2,"67,5",,235000,perpignan
5,3,138,1,380000,perpignan
4,2,156,3,570000,perpignan
4,3,124,4,295000,perpignan
2,1,"44,7",,165283,perpignan
3,2,"55,1",,197812,perpignan
2,,"45,6",3,165283,perpignan
3,2,"86,9",3,243000,perpignan
4,,"114,2",4,769000,perpignan
3,,"61,1",3,197813,perpignan
4,3,"86,3",,309466,perpignan
4,,"90,2",5,333204,perpignan
3,,"66,9",2,202208,perpignan
3,2,60,3,95000,perpignan
3,2,"76,2",1,165000,perpignan
4,3,"62,6",2,110000,perpignan
3,2,"53,7",4,62000,perpignan
4,3,"85,2",1,109000,perpignan
5,3,90,3,86000,perpignan
3,2,"60,2",3,104000,perpignan
3,2,"68,8",2,115000,perpignan
1,,32,7,84000,perpignan
2,1,32,2,125000,perpignan
4,3,102,3,239000,perpignan
1,,"40,3",5,111700,perpignan
2,1,60,1,141750,perpignan
1,,"22,3",1,55000,perpignan
3,2,80,0,123000,perpignan
5,3,105,1,219000,perpignan
4,3,100,9,159000,perpignan
4,3,100,1,232000,perpignan
4,2,"86,3",1,235400,reims
3,2,"67,6",2,350000,reims
2,,"49,7",0,250000,reims
2,1,44,,192000,reims
5,4,"162,8",4,990000,reims
3,2,75,2,310000,reims
4,,109,,500000,reims
2,1,56,1,162000,reims
2,,40,,158400,reims
3,2,"62,8",1,195000,reims
6,4,196,4,890000,reims
3,,99,,349000,reims
5,3,"136,9",0,499000,reims
4,2,"83,1",4,257000,reims
1,,28,3,100000,reims
3,2,"81,3",2,339000,reims
7,4,"167,6",9,440000,reims
2,,39,,174900,reims
1,,"26,7",,149900,reims
5,3,108,7,318000,reims
3,,66,,259900,reims
4,3,79,3,312000,reims
2,1,"41,5",3,176000,reims
3,2,"68,3",1,299000,reims
5,3,"123,4",1,412000,reims
8,5,222,1,756000,reims
2,1,22,0,97000,reims
1,,"27,8",4,134000,reims
4,,"83,5",,369900,reims
3,2,"60,1",0,220000,reims
4,,"96,2",5,469000,reims
4,3,"80,6",1,348000,reims
1,,"18,4",1,128800,rennes
3,2,63,1,385000,rennes
2,,"46,3",1,199900,rennes
4,3,"84,9",0,499000,rennes
2,1,"46,5",0,275000,rennes
3,,"66,1",3,327000,rennes
5,4,"113,8",5,643500,rennes
3,,"75,3",5,350700,rennes
3,2,"61,2",1,342000,rennes
4,3,"93,5",6,435000,rennes
4,3,"88,6",4,576000,rennes
4,,"83,6",5,359000,rennes
4,,"90,3",6,425000,rennes
2,1,"43,4",0,218912,rennes
1,,"32,2",,249000,rennes
1,,"27,3",2,126434,rennes
3,2,"64,2",,320895,rennes
4,,"93,7",,654000,rennes
1,,"19,8",2,145000,rennes
4,3,"88,7",,635000,rennes
2,,"43,9",0,199900,rennes
3,2,"46,7",1,294000,rennes
5,3,"113,3",,610142,rennes
3,2,"61,1",1,350000,rennes
5,,"114,5",,775000,rennes
1,,"21,6",,160000,rennes
3,2,"75,2",1,419000,rennes
2,1,"42,2",,176667,rennes
1,,"21,4",,120833,rennes
3,2,"61,6",,237000,rennes
2,,41,0,226000,rennes
4,3,"98,2",,413208,rennes
5,4,118,1,232000,roubaix
2,1,45,2,94000,roubaix
3,,"65,3",2,186000,roubaix
7,6,"127,3",2,319300,roubaix
2,,"41,6",,150000,roubaix
4,,85,1,228500,roubaix
3,,"62,8",,200000,roubaix
4,,"84,6",,258000,roubaix
2,,"44,8",0,205500,roubaix
3,2,72,2,129000,roubaix
3,,"60,7",0,255900,roubaix
1,,"18,3",,107523,roubaix
4,3,114,10,158000,roubaix
4,3,181,1,290000,roubaix
4,3,"79,4",3,199000,roubaix
4,3,131,6,330000,roubaix
1,,17,3,61500,roubaix
2,1,66,0,168000,roubaix
1,,21,3,61500,roubaix
3,2,54,3,115000,roubaix
3,2,60,3,160000,roubaix
2,1,47,2,89500,roubaix
2,1,"48,4",4,117500,roubaix
3,2,63,2,206604,roubaix
2,1,30,2,90500,roubaix
4,3,110,1,244000,roubaix
4,3,243,,350000,roubaix
5,3,210,2,380000,roubaix
4,2,174,2,305000,roubaix
4,3,280,1,320000,roubaix
3,2,74,1,135000,roubaix
3,2,61,2,180000,roubaix
4,3,85,,240000,rouen
3,2,76,,230000,rouen
3,1,"128,3",2,373000,rouen
2,1,"38,9",0,159000,rouen
1,,"28,1",2,145000,rouen
3,2,"57,7",6,214000,rouen
2,1,40,,140654,rouen
5,3,107,4,699000,rouen
4,3,"72,3",1,234000,rouen
1,,"22,9",1,110000,rouen
3,2,61,,179232,rouen
2,1,"38,1",,199000,rouen
2,1,45,,157500,rouen
4,3,58,,200189,rouen
3,2,"75,8",,299000,rouen
4,3,115,1,345000,rouen
4,2,90,,326000,rouen
3,2,64,0,199900,rouen
4,3,"117,7",,550000,rouen
4,3,94,3,295000,rouen
3,2,66,,265000,rouen
1,,"27,3",,169000,rouen
2,1,40,,209000,rouen
2,1,40,,144000,rouen
2,1,"57,5",4,252250,rouen
1,,25,,175000,rouen
3,2,60,,269000,rouen
4,3,"83,7",2,372500,rouen
3,2,74,2,340000,rouen
3,2,60,,187500,rouen
4,3,85,,349000,rouen
3,,"80,5",,375000,rouen
2,1,40,,379750,saint-denis
1,,25,,249000,saint-denis
3,2,60,,478500,saint-denis
3,2,60,,263100,saint-denis
2,1,40,,220000,saint-denis
1,,25,,191000,saint-denis
4,3,75,,688750,saint-denis
3,2,60,,298000,saint-denis
3,2,60,,485000,saint-denis
2,1,44,,115000,saint-denis
4,3,75,,535640,saint-denis
4,3,75,,779000,saint-denis
4,3,75,,440000,saint-denis
4,3,111,3,485000,saint-denis
2,1,51,0,115025,saint-denis
3,2,67,0,173250,saint-denis
5,4,110,2,229990,saint-denis
6,4,126,3,399000,saint-denis
2,1,"42,7",2,158000,saint-denis
2,1,45,2,130800,saint-denis
3,2,72,4,220000,saint-denis
4,3,79,3,209000,saint-denis
4,3,121,2,560000,saint-denis
4,2,63,5,290000,saint-denis
3,2,68,,220000,saint-denis
2,1,42,4,208900,saint-denis
4,3,130,0,440000,saint-denis
2,1,50,0,189000,saint-denis
3,2,69,1,250000,saint-denis
1,,20,2,60000,saint-denis
3,2,67,1,225000,saint-denis
4,3,105,,225000,saint-etienne
1,,"20,2",2,98034,saint-etienne
3,2,110,2,155000,saint-etienne
2,,"46,7",,114000,saint-etienne
3,,"65,4",1,167000,saint-etienne
4,,"74,3",0,285822,saint-etienne
2,,51,2,144900,saint-etienne
3,,"73,6",0,169900,saint-etienne
5,,"105,8",1,264000,saint-etienne
2,,46,1,164000,saint-etienne
3,2,"58,9",5,49500,saint-etienne
4,2,"66,8",2,50000,saint-etienne
3,2,"59,9",8,49500,saint-etienne
2,1,31,2,67000,saint-etienne
4,2,57,,60000,saint-etienne
3,2,"59,5",3,69000,saint-etienne
5,4,129,4,249000,saint-etienne
1,,21,4,65000,saint-etienne
4,2,81,5,116500,saint-etienne
3,2,64,6,89000,saint-etienne
5,3,"134,8",,215000,saint-etienne
6,4,180,9,270000,saint-etienne
4,2,79,1,125000,saint-etienne
4,3,85,1,299000,saint-etienne
5,3,80,,216000,saint-etienne
4,2,77,6,98000,saint-etienne
4,2,"103,3",1,225000,saint-etienne
3,2,"77,5",4,80000,saint-etienne
9,6,385,1,390000,saint-etienne
5,3,148,3,320000,saint-etienne
5,3,"113,9",,195000,saint-etienne
6,3,141,2,199000,saint-etienne
2,1,"39,5",,160000,strasbourg
2,1,"39,3",,239400,strasbourg
3,2,"55,3",,215000,strasbourg
2,1,"47,5",,229463,strasbourg
1,,"25,5",,160500,strasbourg
3,2,63,,400563,strasbourg
3,,"59,6",,362000,strasbourg
3,2,82,2,318000,strasbourg
4,,78,,481000,strasbourg
3,2,52,,244000,strasbourg
3,2,"74,8",,457680,strasbourg
3,2,"66,5",,341996,strasbourg
4,3,72,,269000,strasbourg
4,3,"79,2",,423280,strasbourg
2,,"46,5",2,222938,strasbourg
1,,23,1,135000,strasbourg
5,4,"97,5",,360000,strasbourg
3,2,68,,239000,strasbourg
4,3,"93,6",,444858,strasbourg
5,,"90,9",,619000,strasbourg
2,1,"42,1",1,115100,strasbourg
2,1,"42,2",2,184700,strasbourg
5,4,"91,8",,466838,strasbourg
4,3,75,,310000,strasbourg
3,,65,2,272986,strasbourg
3,2,"59,5",1,173400,strasbourg
2,,"24,8",,162830,strasbourg
2,1,"46,5",,196000,strasbourg
1,,"25,8",1,170000,strasbourg
1,,23,,135000,strasbourg
3,2,85,,480000,strasbourg
3,2,"65,2",3,308000,strasbourg
3,2,61,,297000,toulon
2,1,"41,2",0,289000,toulon
3,,60,1,251000,toulon
3,2,"63,2",1,423000,toulon
2,1,42,,220000,toulon
4,3,151,,1260000,toulon
2,1,43,3,269000,toulon
4,3,"117,3",,985000,toulon
4,2,165,0,420000,toulon
3,2,72,6,217000,toulon
4,3,"117,1",1,990000,toulon
3,2,78,2,369000,toulon
3,2,59,,230000,toulon
7,5,192,4,570000,toulon
5,3,"90,9",1,624000,toulon
4,3,44,4,99000,toulon
2,1,45,0,209000,toulon
5,3,153,4,2080000,toulon
5,3,158,0,475000,toulon
2,1,53,3,153000,toulon
4,2,72,2,279000,toulon
3,2,51,1,138000,toulon
2,1,37,5,179000,toulon
3,2,"61,3",,263000,toulon
5,4,150,0,795000,toulon
4,2,90,13,260000,toulon
2,1,40,0,148000,toulon
1,,17,0,88000,toulon
3,2,60,1,229000,toulon
3,1,56,2,159000,toulon
2,1,31,0,128000,toulon
2,1,40,1,134000,toulon
3,2,73,6,235000,toulouse
4,2,105,3,549900,toulouse
2,1,36,3,234000,toulouse
3,2,"72,8",2,328000,toulouse
3,2,"68,8",6,271900,toulouse
2,1,"36,6",0,173000,toulouse
3,,"60,2",1,216897,toulouse
1,,"16,1",2,133080,toulouse
3,2,63,2,379900,toulouse
4,,79,1,337000,toulouse
4,3,"88,9",5,369900,toulouse
4,,"79,9",3,449000,toulouse
3,,"55,9",2,341000,toulouse
2,,"42,6",1,207400,toulouse
2,,"40,6",1,245100,toulouse
1,,"32,7",1,219700,toulouse
2,,"39,1",2,191900,toulouse
3,,"63,4",1,270000,toulouse
3,,"65,8",,294000,toulouse
4,,"84,3",,376400,toulouse
1,,"32,7",,221730,toulouse
2,,"40,6",,248900,toulouse
4,3,"88,3",6,465000,toulouse
4,3,"87,3",4,474900,toulouse
5,2,"132,6",3,464900,toulouse
5,3,"102,9",1,400500,toulouse
2,1,"48,6",5,220000,toulouse
3,2,"70,6",0,280000,toulouse
4,3,"86,1",0,330500,toulouse
2,1,"39,6",0,259000,toulouse
3,,"55,9",1,253000,toulouse
3,2,78,,520000,toulouse
2,1,39,1,112000,tourcoing
2,1,"52,9",0,211000,tourcoing
3,2,"63,7",1,275000,tourcoing
2,1,57,1,98000,tourcoing
2,,44,,167204,tourcoing
3,,61,,212701,tourcoing
2,1,45,4,167042,tourcoing
3,2,60,1,207400,tourcoing
3,2,72,2,129000,tourcoing
3,2,66,1,210000,tourcoing
3,2,63,2,206604,tourcoing
4,3,"83,7",0,335000,tourcoing
4,3,"90,4",5,293642,tourcoing
3,2,"57,4",3,188581,tourcoing
2,1,38,1,146382,tourcoing
4,3,"80,1",2,228144,tourcoing
4,3,"117,6",1,260000,tourcoing
3,2,75,6,169000,tourcoing
3,2,"69,3",0,105000,tourcoing
3,2,"69,5",1,175000,tourcoing
5,4,"122,5",4,134500,tourcoing
2,1,44,1,127000,tourcoing
4,3,86,,140000,tourcoing
3,1,57,2,125000,tourcoing
2,1,42,,139000,tourcoing
3,2,62,,196000,tourcoing
4,3,79,,245000,tourcoing
2,1,44,,129000,tourcoing
2,1,"49,1",3,95000,tourcoing
4,3,105,6,169000,tourcoing
4,2,95,5,169500,tourcoing
4,3,"129,2",4,230000,tourcoing
2,1,"38,9",1,181109,tours
3,2,"60,2",5,247046,tours
3,2,60,6,233800,tours
1,,34,3,149200,tours
3,,"82,8",1,454000,tours
2,1,"45,2",4,221000,tours
2,,"46,4",0,189000,tours
3,2,"65,4",2,265500,tours
3,,"62,1",0,235900,tours
5,3,"107,9",2,535000,tours
2,1,"36,6",0,155700,tours
3,2,74,0,451500,tours
4,3,"80,4",5,316800,tours
4,,"85,4",1,319000,tours
2,1,"56,2",2,86000,tours
3,2,60,,254000,tours
5,3,"146,8",,674000,tours
2,1,"40,7",5,162000,tours
5,2,"113,1",,364000,tours
3,2,73,,451500,tours
1,,"32,1",6,144000,tours
3,2,"61,5",5,210000,tours
4,,"79,1",0,275000,tours
4,,"94,5",0,475000,tours
4,3,79,7,159900,tours
3,2,92,0,369600,tours
3,,"63,6",1,325877,tours
4,2,86,2,286200,tours
2,,"38,9",0,141000,tours
3,,"52,2",1,199500,tours
2,1,60,6,249900,tours
2,1,59,3,138000,tours
3,2,60,1,520000,versailles
2,1,"38,1",0,255000,versailles
5,3,"115,9",1,479000,versailles
3,2,"61,3",0,420000,versailles
2,1,"54,7",4,425000,versailles
3,2,"66,2",4,549000,versailles
4,3,115,3,811200,versailles
4,3,"75,5",2,699000,versailles
4,3,"101,4",1,792000,versailles
3,2,63,1,599000,versailles
2,1,50,0,198000,versailles
5,3,"108,7",2,728000,versailles
5,3,"124,8",3,1065000,versailles
6,4,129,2,700000,versailles
4,3,"160,2",0,1370000,versailles
5,4,"107,6",4,590000,versailles
4,2,"79,4",3,560000,versailles
5,4,125,3,1065000,versailles
3,2,"65,3",0,570000,versailles
5,3,"111,2",2,890000,versailles
4,3,"100,8",1,598000,versailles
8,5,"161,9",4,1050000,versailles
6,3,144,2,1290000,versailles
2,1,55,3,307000,versailles
2,1,"46,3",2,362000,versailles
4,2,"114,9",0,590000,versailles
5,3,"115,2",2,640000,versailles
5,4,124,2,1190000,versailles
3,2,78,1,670000,versailles
2,1,38,3,269000,versailles
2,1,"49,6",3,349000,versailles
5,4,144,2,1210000,versailles
4,3,89,8,360000,villeurbanne
3,2,61,0,299000,villeurbanne
5,4,103,0,295000,villeurbanne
4,3,77,2,340000,villeurbanne
4,2,"71,8",3,190000,villeurbanne
1,,"35,5",6,165000,villeurbanne
3,,66,3,362000,villeurbanne
4,3,81,7,289000,villeurbanne
3,2,55,0,189000,villeurbanne
1,,25,,208000,villeurbanne
2,1,"33,5",,232000,villeurbanne
3,2,"49,5",,319000,villeurbanne
1,,35,,229000,villeurbanne
2,,42,,335000,villeurbanne
3,2,65,1,220000,villeurbanne
3,2,60,4,199000,villeurbanne
2,1,42,5,245000,villeurbanne
3,,58,,330000,villeurbanne
4,3,84,2,300000,villeurbanne
4,3,85,7,199000,villeurbanne
3,,64,,350000,villeurbanne
2,1,56,8,338000,villeurbanne
4,,81,5,475000,villeurbanne
3,,65,,378000,villeurbanne
3,2,"64,9",10,409000,villeurbanne
1,,"26,7",10,195000,villeurbanne
1,,18,4,139200,villeurbanne
2,,"26,5",1,190328,villeurbanne
,,"22,5",2,168884,villeurbanne
2,,"47,2",7,289000,villeurbanne
1,,35,8,229000,villeurbanne
3,2,"60,6",5,364400,villeurbanne
