pièces,chambres,surface (m²),étage,prix (€),ville,prix_predicté
3,2,"68,4",1,2000,aix-en-provence,1372.670166015625
3,2,60,1,1450,aix-en-provence,1261.3594970703125
4,3,"111,7",3,2500,aix-en-provence,2105.729248046875
4,3,160,4,4300,aix-en-provence,3657.34521484375
3,2,"68,2",1,1290,aix-en-provence,1372.670166015625
2,1,"50,4",0,977,aix-en-provence,1113.708984375
3,2,45,3,1145,aix-en-provence,1278.2196044921875
5,4,123,3,1920,aix-en-provence,2091.819091796875
2,1,39,1,800,aix-en-provence,1066.2989501953125
2,1,35,0,950,aix-en-provence,983.1815795898438
4,3,67,2,1150,aix-en-provence,1098.4620361328125
4,3,82,3,1500,aix-en-provence,1451.9422607421875
1,1,"43,7",2,1370,aix-en-provence,1063.5543212890625
2,1,35,1,1134,aix-en-provence,983.1815795898438
3,2,70,2,1668,aix-en-provence,1427.344970703125
5,4,115,2,2170,aix-en-provence,2055.1083984375
3,3,80,1,1950,aix-en-provence,1360.2796630859375
3,1,74,1,1580,aix-en-provence,1384.9342041015625
3,2,93,0,1890,aix-en-provence,1852.77880859375
2,1,"57,3",2,999,aix-en-provence,1223.1363525390625
2,1,49,3,1200,aix-en-provence,1188.8369140625
2,1,48,0,780,aix-en-provence,1140.464599609375
2,1,41,0,1262,aix-en-provence,1121.1390380859375
2,1,21,4,850,aix-en-provence,937.4893798828125
4,2,55,1,1020,aix-en-provence,1414.6634521484375
2,1,40,2,950,aix-en-provence,1172.6036376953125
4,3,82,3,1800,aix-en-provence,1451.9422607421875
2,1,25,3,1200,aix-en-provence,988.2727661132812
2,1,38,0,790,aix-en-provence,1064.0950927734375
2,1,"56,8",3,1034,aix-en-provence,1197.9627685546875
2,1,35,4,900,aix-en-provence,1062.5728759765625
2,1,36,1,630,aix-en-provence,983.1815795898438
2,1,42,4,1030,aix-en-provence,1172.6036376953125
3,2,74,8,1440,aix-en-provence,1648.3265380859375
4,3,"122,6",2,2525,aix-en-provence,2162.027099609375
2,1,60,0,960,aix-en-provence,1168.4615478515625
3,2,"60,5",1,1431,aix-en-provence,1261.3594970703125
3,2,66,4,1062,aix-en-provence,1358.4114990234375
3,2,45,0,1065,aix-en-provence,1203.0916748046875
3,2,71,2,1042,aix-en-provence,1427.344970703125
3,2,71,7,862,aix-en-provence,1545.5009765625
2,1,"43,2",0,950,ajaccio,788.488037109375
3,1,"80,2",1,1010,ajaccio,988.862060546875
2,1,48,3,830,ajaccio,829.8170166015625
3,2,62,1,790,ajaccio,982.5957641601562
2,1,98,6,1761,ajaccio,1198.9901123046875
2,1,33,0,1190,ajaccio,735.2761840820312
2,1,42,0,750,ajaccio,745.73681640625
3,2,85,3,1396,ajaccio,1114.302734375
3,2,78,0,1290,ajaccio,1031.5609130859375
2,1,48,0,780,ajaccio,829.8170166015625
2,1,21,4,850,ajaccio,629.9314575195312
2,1,38,0,790,ajaccio,743.5330200195312
2,1,35,4,900,ajaccio,735.2761840820312
2,1,36,1,630,ajaccio,735.2761840820312
3,2,74,8,1440,ajaccio,1081.7149658203125
2,1,60,0,960,ajaccio,898.6610717773438
3,2,71,2,1042,ajaccio,1014.8485107421875
3,2,71,7,862,ajaccio,1077.704833984375
3,2,71,1,1025,ajaccio,1014.8485107421875
2,1,36,0,845,ajaccio,735.2761840820312
4,3,92,10,1248,ajaccio,1059.63232421875
2,1,45,4,700,ajaccio,788.488037109375
1,1,26,3,600,ajaccio,601.361572265625
3,2,73,2,990,ajaccio,1018.8585815429688
3,2,45,0,1100,ajaccio,864.9158325195312
5,3,146,2,1500,ajaccio,1987.877197265625
2,1,"32,8",0,630,amiens,634.7547607421875
3,2,"52,9",0,730,amiens,801.7047119140625
3,2,61,1,830,amiens,827.6399536132812
2,1,"46,2",0,740,amiens,697.737548828125
14,14,300,2,150,amiens,2522.884033203125
4,3,74,0,355,amiens,676.5315551757812
2,1,22,2,468,amiens,568.346923828125
3,2,49,0,766,amiens,801.7047119140625
2,1,42,0,650,amiens,645.2153930664062
3,2,61,3,722,amiens,827.6399536132812
2,1,43,3,625,amiens,687.966552734375
2,1,44,3,750,amiens,687.966552734375
4,3,71,3,1080,amiens,637.335693359375
3,2,66,3,853,amiens,842.587158203125
3,2,43,3,789,amiens,732.8040771484375
3,2,46,1,895,angers,797.3563232421875
4,3,"62,6",0,1050,angers,673.5696411132812
5,4,"75,5",3,402,angers,661.712646484375
3,2,53,5,590,angers,875.0584716796875
1,3,74,1,595,angers,696.859130859375
2,1,54,3,700,angers,790.2960205078125
3,2,"68,6",4,890,angers,918.0587768554688
3,2,"57,6",0,795,angers,870.8589477539062
3,1,"31,3",4,600,angers,709.5318603515625
3,2,59,1,791,angers,870.8589477539062
1,1,15,0,385,angers,520.932373046875
2,1,41,1,690,angers,673.4910888671875
1,4,11,2,520,angers,487.61383056640625
6,5,95,0,501,angers,658.60107421875
6,5,95,0,495,angers,658.60107421875
6,5,95,0,496,angers,658.60107421875
1,1,18,0,724,angers,520.932373046875
5,4,87,1,470,angers,768.29296875
5,4,79,2,460,angers,662.3961791992188
4,3,112,0,1600,angers,1340.983154296875
3,2,"39,6",3,730,angers,744.8341064453125
4,3,91,1,1650,angers,955.6629638671875
3,2,73,0,1350,annecy,1449.044677734375
1,1,12,0,650,annecy,713.7192993164062
2,1,42,2,700,annecy,1187.201171875
3,2,56,2,1596,annecy,1305.4581298828125
2,1,50,2,1312,annecy,1203.4344482421875
2,1,63,3,1200,annecy,1252.6812744140625
3,2,70,3,1700,annecy,1441.9425048828125
2,1,"51,3",1,1156,annecy,1121.9150390625
4,3,"79,3",3,1600,annecy,1443.874755859375
4,3,100,1,2200,annecy,1941.702880859375
2,1,"26,6",1,1420,annecy,927.0081787109375
4,2,77,2,1470,annecy,1880.7760009765625
3,2,"66,8",5,1220,annecy,1393.8690185546875
1,1,11,1,750,annecy,713.7192993164062
4,3,"78,6",2,1990,annecy,1443.874755859375
2,1,30,3,750,annecy,1020.2312622070312
2,1,47,4,995,annecy,1230.190185546875
3,2,60,6,730,annecy,1351.49169921875
3,2,58,0,1162,annecy,1262.1251220703125
2,1,"56,6",4,1080,annecy,1212.560302734375
4,3,90,0,1500,annecy,1726.6929931640625
3,2,65,3,1551,annecy,1345.5791015625
3,2,67,3,1406,antibes,2281.82421875
3,2,"71,1",2,1350,antibes,2363.1845703125
3,2,49,3,950,antibes,2126.139404296875
3,2,90,0,4750,antibes,2668.49658203125
1,2,7,1,774,antibes,1007.3013305664062
2,1,"43,1",1,1001,antibes,1749.19775390625
3,2,"72,4",3,1510,antibes,2415.425048828125
2,1,"50,3",0,1100,antibes,1749.19775390625
2,1,"55,6",5,1200,antibes,2132.7587890625
2,1,42,1,750,antibes,1707.8348388671875
2,1,29,0,850,antibes,1252.299072265625
3,2,70,5,1300,antibes,2384.044189453125
1,2,9,3,570,antibes,1163.8358154296875
3,2,71,4,3220,antibes,2363.1845703125
3,2,59,4,1500,antibes,2254.394287109375
3,2,"43,8",0,1250,argenteuil,1265.742431640625
2,1,47,1,1230,argenteuil,1140.464599609375
2,1,45,4,1195,argenteuil,1215.592529296875
3,2,"75,6",1,1161,argenteuil,1530.1702880859375
6,5,80,12,590,argenteuil,1659.243896484375
6,5,"82,5",7,580,argenteuil,1659.04443359375
1,3,10,2,600,argenteuil,807.1834106445312
1,1,11,0,600,argenteuil,712.95361328125
2,1,36,0,890,argenteuil,983.1815795898438
2,1,48,2,789,argenteuil,1215.592529296875
2,1,"45,6",3,940,argenteuil,1215.592529296875
2,2,43,2,995,argenteuil,1229.7474365234375
2,1,36,1,823,argenteuil,983.1815795898438
5,4,13,1,590,argenteuil,654.0902709960938
2,1,"44,9",0,990,argenteuil,1140.464599609375
3,2,45,4,1200,argenteuil,1340.870361328125
2,1,60,2,1290,argenteuil,1223.1363525390625
4,3,83,6,2200,asnières-sur-seine,1555.1246337890625
2,1,45,3,1203,asnières-sur-seine,1215.592529296875
3,2,61,1,1533,asnières-sur-seine,1286.2989501953125
4,3,74,6,1675,asnières-sur-seine,1346.36376953125
4,3,81,15,1995,asnières-sur-seine,1620.0809326171875
2,1,31,4,1150,asnières-sur-seine,1005.6337280273438
3,2,61,0,1499,asnières-sur-seine,1286.2989501953125
2,1,50,2,1208,asnières-sur-seine,1188.8369140625
2,1,38,6,1290,asnières-sur-seine,1164.3460693359375
4,3,"87,6",1,2135,asnières-sur-seine,1707.681396484375
2,1,28,0,610,asnières-sur-seine,926.2424926757812
2,1,49,4,1450,asnières-sur-seine,1188.8369140625
2,1,32,2,695,asnières-sur-seine,1062.5728759765625
2,1,35,2,960,asnières-sur-seine,1062.5728759765625
4,3,52,0,1600,asnières-sur-seine,1006.9649658203125
3,2,51,2,1158,asnières-sur-seine,1314.114501953125
4,3,"84,8",2,2040,asnières-sur-seine,1457.5860595703125
4,3,88,12,1997,asnières-sur-seine,1742.1566162109375
3,2,69,12,1717,asnières-sur-seine,1545.700439453125
2,1,31,5,1250,asnières-sur-seine,1026.4935302734375
3,2,64,6,1532,asnières-sur-seine,1376.7808837890625
5,1,105,7,2723,asnières-sur-seine,1518.7923583984375
3,2,61,0,829,avignon,853.677001953125
3,2,80,2,950,avignon,931.1502075195312
4,2,80,3,950,avignon,899.4561767578125
3,2,68,2,790,avignon,914.4374389648438
2,1,35,0,640,avignon,659.4091186523438
2,1,"46,3",3,590,avignon,722.391845703125
2,1,40,1,588,avignon,669.8697509765625
2,1,51,2,550,avignon,777.3997192382812
3,2,60,3,828,avignon,853.677001953125
2,1,50,1,890,avignon,769.9592895507812
2,1,48,1,520,avignon,734.4910278320312
3,2,58,5,1000,avignon,874.5368041992188
3,2,55,1,450,avignon,837.0167236328125
2,1,28,2,550,avignon,649.3202514648438
2,1,"48,2",1,600,avignon,734.4910278320312
2,1,"44,4",0,574,avignon,712.6209106445312
2,1,32,1,600,avignon,659.4091186523438
3,2,51,1,637,avignon,827.7417602539062
3,1,55,2,850,avignon,812.1751098632812
2,1,"44,1",2,710,avignon,712.6209106445312
3,2,79,0,804,avignon,931.1502075195312
4,3,71,4,1110,besançon,676.0997314453125
5,3,64,0,770,besançon,784.5938720703125
4,3,"85,4",2,1145,besançon,914.3613891601562
3,2,"46,7",0,715,besançon,797.3563232421875
4,3,84,4,915,besançon,895.3211059570312
3,2,70,2,875,besançon,918.0587768554688
2,1,"53,3",6,720,besançon,811.1558227539062
2,1,46,0,592,besançon,726.01318359375
5,4,85,1,370,besançon,739.7726440429688
4,3,"83,2",1,1175,besançon,889.6773071289062
3,2,62,1,690,besançon,885.80615234375
4,2,63,2,790,besançon,799.1556396484375
4,2,62,2,622,besançon,799.1556396484375
2,1,"33,5",8,480,besançon,743.3106689453125
3,1,57,3,751,besançon,846.017333984375
6,4,"118,4",3,1300,besançon,845.3106079101562
5,1,"15,3",3,485,besançon,574.856689453125
3,2,"59,8",3,740,besançon,870.8589477539062
4,3,"81,3",4,1100,besançon,866.1530151367188
4,3,96,3,1995,bordeaux,1103.985107421875
4,3,"84,8",2,1149,bordeaux,940.9298706054688
2,1,"63,9",1,1362,bordeaux,906.8875732421875
4,3,92,1,1780,bordeaux,1020.5643920898438
2,1,39,2,1180,bordeaux,739.0161743164062
5,4,"98,1",9,1544,bordeaux,713.1585083007812
4,3,75,2,1375,bordeaux,799.8508911132812
3,2,"62,8",3,1484,bordeaux,975.8750610351562
5,3,109,6,2192,bordeaux,1535.0364990234375
5,4,126,0,800,bordeaux,1230.47607421875
3,2,69,2,1260,bordeaux,1008.127685546875
3,2,"105,8",1,2060,bordeaux,1407.737060546875
5,4,106,2,1366,bordeaux,1120.2701416015625
2,1,57,5,1049,bordeaux,912.8001708984375
3,2,57,0,930,bordeaux,960.927734375
4,3,85,1,1280,bordeaux,959.9701538085938
4,2,"68,9",1,927,bordeaux,1040.226318359375
4,3,110,4,1880,bordeaux,1390.3780517578125
4,1,"87,1",18,993,bordeaux,1176.8466796875
3,2,"75,7",0,735,brest,1070.6661376953125
2,1,"55,5",2,675,brest,920.1201782226562
3,2,"76,3",4,860,brest,1075.8876953125
3,2,"76,3",4,860,brest,1075.8876953125
2,1,"44,6",3,550,brest,826.6073608398438
3,2,"53,7",3,655,brest,1002.7958984375
3,2,87,2,900,brest,1171.319091796875
5,4,78,1,450,brest,702.6437377929688
3,2,62,3,760,brest,1034.4036865234375
4,3,83,2,790,brest,963.3049926757812
9,8,153,1,450,brest,1517.85888671875
9,8,153,1,454,brest,1517.85888671875
4,3,"75,4",2,420,brest,827.869873046875
4,3,78,3,365,brest,891.5917358398438
9,8,153,1,490,brest,1517.85888671875
3,2,"90,1",3,950,brest,1203.39306640625
9,8,153,1,450,brest,1517.85888671875
5,4,105,2,390,brest,1117.603759765625
7,6,120,1,444,brest,825.329833984375
7,6,100,2,385,brest,735.06591796875
2,1,37,1,511,caen,643.0115966796875
2,1,32,0,530,caen,634.7547607421875
3,2,89,2,1098,caen,1057.8836669921875
3,1,"44,8",1,990,caen,720.9073486328125
5,4,96,0,450,caen,842.0594482421875
2,1,"45,7",2,890,caen,687.966552734375
5,3,"121,7",5,1500,caen,1320.7646484375
4,2,80,3,950,caen,873.419189453125
3,2,57,1,890,caen,827.6399536132812
3,2,60,0,726,caen,827.6399536132812
3,2,77,3,940,caen,905.1131591796875
5,4,75,2,450,caen,657.9615478515625
3,2,"68,1",4,1084,caen,888.400390625
4,3,"71,2",4,1400,caen,637.335693359375
2,1,31,0,736,caen,634.7547607421875
3,2,73,3,999,caen,892.4104614257812
2,1,64,4,500,caen,805.18994140625
3,2,69,4,818,caen,888.400390625
2,1,45,2,650,caen,687.966552734375
4,3,79,3,1690,caen,740.25341796875
2,1,31,3,770,caen,634.7547607421875
3,2,40,7,1200,cannes,2164.72314453125
2,1,33,1,950,cannes,1295.3404541015625
2,1,25,2,843,cannes,1467.866455078125
4,3,97,3,2490,cannes,3785.60693359375
2,1,"32,8",1,950,cannes,1295.3404541015625
3,2,"89,6",1,1800,cannes,2650.250732421875
3,2,49,3,890,cannes,2126.139404296875
3,2,65,2,1950,cannes,2254.394287109375
4,3,103,1,4500,cannes,4007.496826171875
3,2,"68,1",1,1536,cannes,2182.876708984375
3,2,64,0,1550,cannes,2074.085693359375
4,3,"97,5",2,1575,cannes,3785.60693359375
2,1,"46,3",2,1100,cannes,2013.9144287109375
2,1,28,2,1000,cannes,1515.8306884765625
4,2,88,3,1680,cannes,3330.05908203125
2,1,39,2,1200,cannes,1820.35888671875
4,3,"100,2",6,2410,cannes,3855.762451171875
3,1,"39,9",2,835,cannes,1837.3780517578125
2,1,38,6,925,cannes,1839.014892578125
3,2,74,3,1045,chambery,2449.7353515625
3,2,66,6,1100,chambery,2302.683837890625
3,2,64,1,847,chambery,2074.085693359375
2,1,"47,7",2,654,chambery,2013.9144287109375
1,3,13,2,460,chambery,972.85546875
6,5,90,7,474,chambery,4290.04833984375
2,1,42,0,720,chambery,1707.8348388671875
4,3,"74,7",3,450,chambery,2376.8125
3,2,63,2,941,chambery,2254.394287109375
4,3,"61,6",1,400,chambery,2031.1953125
4,3,"86,4",2,450,chambery,2602.867431640625
6,5,"95,9",0,495,chambery,5456.53173828125
2,1,57,0,675,chambery,1867.635009765625
3,2,75,4,1190,chambery,2449.7353515625
2,1,60,2,710,chambery,2111.899169921875
2,1,46,11,850,chambery,2105.737060546875
4,3,89,2,1116,chambery,2996.465087890625
3,2,"70,9",1,872,chambery,2182.876708984375
2,1,45,2,950,chambery,2013.9144287109375
3,2,78,2,1000,chambery,2548.970703125
2,1,59,2,835,chambery,2111.899169921875
4,2,96,4,1396,chambery,3897.022216796875
2,1,48,3,950,chambery,2013.9144287109375
3,2,65,3,920,chambery,2254.394287109375
3,2,79,0,900,clermont-ferrand,886.8757934570312
2,1,46,0,720,clermont-ferrand,656.7175903320312
3,2,55,3,580,clermont-ferrand,774.7803344726562
3,2,68,0,810,clermont-ferrand,870.1630249023438
3,2,62,1,650,clermont-ferrand,816.5579833984375
2,1,35,3,435,clermont-ferrand,575.7728271484375
3,2,60,2,580,clermont-ferrand,791.4406127929688
5,3,106,3,878,clermont-ferrand,1190.92138671875
3,2,54,4,515,clermont-ferrand,774.7803344726562
2,1,66,4,690,clermont-ferrand,746.2080688476562
2,1,52,1,520,clermont-ferrand,715.4957885742188
3,2,63,3,750,clermont-ferrand,806.3878173828125
2,1,44,2,640,clermont-ferrand,628.984619140625
3,2,58,1,615,clermont-ferrand,801.6107788085938
2,1,"48,2",2,670,clermont-ferrand,650.8547973632812
2,1,"43,8",4,615,clermont-ferrand,628.984619140625
2,1,"52,4",2,815,clermont-ferrand,705.3256225585938
2,1,"69,8",1,744,clermont-ferrand,787.5975952148438
2,1,44,1,640,colmar,639.15478515625
3,2,42,2,685,colmar,653.8535766601562
7,5,209,1,1430,colmar,1170.1484375
3,2,71,2,1025,colmar,852.2010498046875
4,3,58,0,490,colmar,616.5682373046875
4,3,58,0,470,colmar,616.5682373046875
4,3,58,0,470,colmar,616.5682373046875
4,3,62,5,455,colmar,619.4660034179688
4,3,62,5,445,colmar,619.4660034179688
3,2,55,1,780,colmar,784.9505004882812
3,2,"73,8",2,870,colmar,856.2111206054688
3,2,55,1,780,colmar,784.9505004882812
3,2,72,3,751,colmar,856.2111206054688
2,1,"43,4",1,630,colmar,639.15478515625
3,2,"78,6",1,990,colmar,879.083984375
3,2,60,4,850,colmar,791.4406127929688
2,1,43,1,850,colmar,639.15478515625
4,2,117,1,1210,colmar,1321.7991943359375
2,1,42,2,810,colmar,586.2334594726562
2,1,36,3,1150,colombes,1062.5728759765625
4,3,52,0,1600,colombes,1006.9649658203125
4,3,"82,1",4,1684,colombes,1451.9422607421875
5,4,103,7,2125,colombes,1688.469970703125
3,2,63,2,1419,colombes,1355.9210205078125
2,1,"39,2",2,985,colombes,1145.6900634765625
2,1,49,1,795,colombes,1113.708984375
2,1,"41,6",3,1281,colombes,1172.6036376953125
3,1,63,1,1650,colombes,1223.3856201171875
2,1,42,1,1187,colombes,1121.1390380859375
4,3,"81,7",4,1550,colombes,1451.9422607421875
4,3,80,7,695,colombes,1574.4561767578125
1,3,11,0,860,colombes,727.7923583984375
2,1,"22,2",0,675,colombes,904.6659545898438
3,2,63,2,1480,colombes,1355.9210205078125
2,1,53,2,1270,colombes,1197.9627685546875
2,1,"33,2",0,875,colombes,983.1815795898438
3,2,"65,2",5,1590,colombes,1376.7808837890625
3,2,65,9,2283,colombes,1465.7789306640625
3,2,58,6,1976,colombes,1361.8336181640625
3,2,58,3,1770,colombes,1340.9737548828125
5,4,74,13,630,creteil,2984.25
3,2,"58,5",1,1100,creteil,2074.085693359375
4,2,81,2,1500,creteil,2974.95751953125
3,2,66,3,1550,creteil,2281.82421875
4,1,"60,8",7,611,creteil,2598.6171875
3,2,47,1,1340,creteil,1925.3778076171875
3,2,73,6,1450,creteil,2436.28466796875
2,1,34,1,700,creteil,1295.3404541015625
3,2,72,4,1423,creteil,2415.425048828125
2,1,52,1,1295,creteil,1858.3599853515625
5,4,100,2,1908,creteil,4637.26953125
2,1,38,3,1150,creteil,1818.155029296875
6,5,"91,1",13,620,creteil,4291.0478515625
6,5,"91,1",13,600,creteil,4291.0478515625
5,4,13,8,450,creteil,2282.515625
3,2,"60,4",3,1199,creteil,2254.394287109375
3,2,"62,6",4,1233,creteil,2254.394287109375
3,2,"60,6",1,1207,creteil,2074.085693359375
9,8,200,8,768,creteil,14720.27734375
3,2,"62,9",4,887,villeurbanne,1065.2305908203125
2,1,"54,1",0,968,villeurbanne,948.9474487304688
3,2,73,2,1300,villeurbanne,1113.2344970703125
2,1,33,1,802,villeurbanne,802.2228393554688
2,1,47,2,770,villeurbanne,896.7637939453125
4,2,70,7,1040,villeurbanne,1318.505126953125
2,1,53,4,853,villeurbanne,948.9474487304688
2,1,30,1,550,villeurbanne,792.134033203125
2,1,"43,5",5,786,villeurbanne,876.2944946289062
5,4,82,3,530,villeurbanne,744.4631958007812
2,1,"34,1",0,759,villeurbanne,802.2228393554688
3,2,63,3,1133,villeurbanne,1065.2305908203125
3,2,63,0,911,villeurbanne,1065.2305908203125
4,3,60,4,490,villeurbanne,812.8856201171875
2,1,52,3,990,villeurbanne,939.6724853515625
4,3,97,2,600,villeurbanne,1279.1043701171875
6,5,88,1,569,villeurbanne,1262.73876953125
3,2,70,3,1115,villeurbanne,1109.224365234375
6,4,"117,3",1,3250,versailles,2352.07421875
4,3,117,2,2350,versailles,1900.441162109375
4,3,"91,1",3,3000,versailles,1635.7928466796875
3,2,"47,7",4,1645,versailles,1221.128173828125
2,1,"53,8",5,1355,versailles,1181.1234130859375
4,2,89,6,2205,versailles,1824.875244140625
2,1,"32,1",3,1032,versailles,1024.8736572265625
3,2,77,0,2590,versailles,1425.6199951171875
3,2,"71,7",1,1774,versailles,1177.8941650390625
5,4,105,8,1892,versailles,1715.7003173828125
4,3,117,2,2350,versailles,1900.441162109375
3,2,50,1,1950,versailles,1066.6470947265625
4,3,84,4,1990,versailles,1322.6005859375
2,1,45,2,1245,versailles,1177.8934326171875
3,2,70,2,2100,versailles,1246.40087890625
4,3,94,1,2550,versailles,1589.088134765625
8,6,200,0,4700,versailles,7334.02294921875
5,4,116,0,3500,versailles,1828.4637451171875
3,2,96,0,2116,versailles,1640.2415771484375
6,4,139,1,3410,versailles,3126.93408203125
2,1,55,2,1305,versailles,1160.2635498046875
4,3,72,2,1811,versailles,1037.0469970703125
5,4,123,1,1990,versailles,1865.1746826171875
2,1,44,1,1300,versailles,1088.93359375
2,1,"39,7",0,1176,versailles,1014.7678833007812
5,3,"86,5",2,2107,versailles,1419.750732421875
5,4,83,1,410,tours,741.41455078125
3,2,65,1,862,tours,816.5579833984375
1,2,72,1,1090,tours,662.5833129882812
1,3,70,2,500,tours,602.163818359375
2,1,"37,5",0,560,tours,595.7205810546875
2,1,"45,1",1,615,tours,639.15478515625
2,1,50,2,680,tours,697.8851928710938
2,1,"61,5",2,726,tours,731.2608642578125
1,3,12,5,475,tours,430.6886901855469
5,4,"89,6",2,400,tours,768.508056640625
2,1,28,1,590,tours,575.8541259765625
2,1,"50,4",2,800,tours,697.8851928710938
3,2,"63,2",1,722,tours,816.5579833984375
3,2,48,2,1570,tours,718.4749145507812
2,1,52,1,714,tours,715.4957885742188
3,2,78,1,1395,tours,879.083984375
2,1,48,5,716,tours,671.714599609375
2,1,44,1,573,tours,639.15478515625
3,1,66,1,1750,tours,797.6005249023438
3,2,54,1,850,tourcoing,784.9505004882812
2,1,41,0,730,tourcoing,597.9243774414062
3,2,59,2,775,tourcoing,791.4406127929688
5,4,147,0,1592,tourcoing,1502.9366455078125
3,2,61,2,890,tourcoing,791.4406127929688
3,2,60,1,770,tourcoing,801.6107788085938
3,2,65,2,804,tourcoing,806.3878173828125
2,1,47,2,850,tourcoing,650.8547973632812
2,1,44,2,644,tourcoing,628.984619140625
3,2,82,2,973,tourcoing,992.6659545898438
1,2,13,1,405,tourcoing,458.5875244140625
3,2,57,3,800,tourcoing,791.4406127929688
5,4,114,0,300,tourcoing,1092.8505859375
2,1,42,1,630,tourcoing,596.4036254882812
2,1,84,0,880,tourcoing,935.22705078125
3,2,"74,7",0,882,tourcoing,867.9020385742188
3,2,"63,1",0,800,tourcoing,818.0787353515625
3,2,"65,3",1,920,tourcoing,816.5579833984375
2,1,51,3,780,tourcoing,705.3256225585938
2,1,"39,8",1,561,tourcoing,596.4036254882812
4,2,85,0,950,tourcoing,983.691162109375
2,1,56,3,950,toulouse,790.2960205078125
5,4,138,4,1998,toulouse,1604.983642578125
3,2,"62,2",1,747,toulouse,885.80615234375
5,4,71,1,470,toulouse,622.5167846679688
2,1,40,0,840,toulouse,673.4910888671875
2,1,"30,7",0,775,toulouse,652.9415893554688
2,1,38,2,650,toulouse,671.2872924804688
3,2,78,0,1140,toulouse,934.7715454101562
2,1,"43,7",0,618,toulouse,716.2422485351562
4,3,68,2,1197,toulouse,676.0997314453125
5,3,165,2,3200,toulouse,1867.3831787109375
2,1,39,0,639,toulouse,673.4910888671875
3,2,"82,3",4,1243,toulouse,1045.431640625
2,1,45,1,666,toulouse,716.2422485351562
3,2,"66,3",3,1543,toulouse,885.80615234375
3,2,66,1,862,toulouse,885.80615234375
2,1,"56,1",3,939,toulouse,790.2960205078125
3,2,77,2,1324,toulouse,934.7715454101562
2,1,36,2,780,toulouse,663.0304565429688
2,1,"47,5",2,899,toulouse,738.1123657226562
1,1,15,3,510,toulouse,520.932373046875
2,1,"39,1",2,845,toulouse,673.4910888671875
4,3,84,5,1029,toulouse,916.180908203125
4,3,75,2,930,toulouse,715.2955932617188
5,4,100,9,1380,toulouse,894.4478149414062
4,3,83,8,1100,toulouse,907.5211791992188
2,1,"45,1",1,935,toulon,639.15478515625
2,1,"47,5",1,875,toulon,661.0249633789062
2,1,"54,5",2,690,toulon,714.6005859375
2,1,"35,1",0,680,toulon,587.4637451171875
2,1,53,2,790,toulon,714.6005859375
5,3,137,1,1237,toulon,1504.122314453125
3,2,55,5,835,toulon,795.64013671875
4,2,68,9,890,toulon,788.1380004882812
3,2,62,1,653,toulon,816.5579833984375
4,2,69,3,776,toulon,770.2941284179688
4,3,114,2,2587,toulon,1288.217529296875
2,1,"51,7",6,565,toulon,726.1854248046875
2,1,"43,6",1,665,toulon,639.15478515625
4,3,69,2,421,toulon,601.1362915039062
3,2,"55,4",1,800,toulon,784.9505004882812
2,1,33,2,530,toulon,575.7728271484375
3,2,47,1,680,toulon,728.6450805664062
2,1,46,1,668,toulon,648.92578125
4,3,73,6,1200,toulon,661.1919555664062
2,1,"49,8",3,695,toulon,697.8851928710938
3,2,57,1,935,toulon,801.6107788085938
3,2,75,2,1050,strasbourg,1070.6661376953125
3,2,76,6,1200,strasbourg,1096.74755859375
3,2,70,3,1310,strasbourg,1066.656005859375
4,2,98,2,1600,strasbourg,1375.072509765625
5,4,141,4,2250,strasbourg,1720.638427734375
3,2,72,5,1600,strasbourg,1091.5260009765625
2,1,"81,3",5,1350,strasbourg,1068.7088623046875
4,3,75,1,1203,strasbourg,827.869873046875
2,1,39,1,710,strasbourg,783.856201171875
2,1,44,3,750,strasbourg,826.6073608398438
2,1,35,2,600,strasbourg,773.3955688476562
2,1,38,2,560,strasbourg,781.6524047851562
2,1,"51,8",5,850,strasbourg,931.7050170898438
3,2,81,3,1040,strasbourg,1131.557861328125
3,2,60,5,875,strasbourg,1040.316162109375
4,3,78,3,1200,strasbourg,891.5917358398438
1,4,10,2,660,strasbourg,526.2848510742188
7,5,180,2,2850,strasbourg,1561.5384521484375
3,2,71,0,1295,strasbourg,1066.656005859375
3,2,83,0,1014,strasbourg,1155.08203125
5,4,107,5,530,strasbourg,977.52978515625
3,2,70,5,1695,strasbourg,1087.515869140625
3,2,68,2,850,saint-etienne,2363.1845703125
2,1,56,1,710,saint-etienne,1867.635009765625
4,3,95,2,1050,saint-etienne,3757.8115234375
3,2,70,5,695,saint-etienne,2384.044189453125
5,3,124,6,890,saint-etienne,4316.9306640625
3,2,88,1,680,saint-etienne,2650.250732421875
5,3,114,4,1195,saint-etienne,4228.62060546875
4,3,81,1,670,saint-etienne,2264.8466796875
4,2,92,1,980,saint-etienne,3592.73779296875
3,2,65,1,570,saint-etienne,2074.085693359375
2,1,"51,4",2,590,saint-etienne,2068.500732421875
4,3,81,1,310,saint-etienne,2264.8466796875
2,1,50,2,480,saint-etienne,2013.9144287109375
3,2,56,1,560,saint-etienne,2074.085693359375
3,2,"86,9",3,710,saint-etienne,2614.4638671875
2,1,"58,6",4,580,saint-etienne,2111.899169921875
4,3,"92,4",3,715,saint-etienne,3757.8115234375
2,1,"41,3",0,397,saint-etienne,1707.8348388671875
2,1,27,1,550,saint-denis,779.3472900390625
3,2,"63,6",1,1350,saint-denis,1065.2305908203125
2,1,"38,2",1,586,saint-denis,810.4796752929688
2,1,30,0,1080,saint-denis,792.134033203125
3,2,64,1,1255,saint-denis,1065.2305908203125
3,2,72,3,1450,saint-denis,1101.4930419921875
2,1,57,1,980,saint-denis,965.6077270507812
3,2,55,3,921,saint-denis,1033.6229248046875
3,2,73,0,1690,saint-denis,1101.4930419921875
2,1,"38,6",3,860,saint-denis,810.4796752929688
3,2,"67,8",2,988,saint-denis,1065.2305908203125
2,1,"46,7",1,971,saint-denis,884.6646728515625
3,2,64,1,995,saint-denis,1065.2305908203125
2,1,"57,3",5,1100,saint-denis,986.467529296875
2,1,27,1,880,saint-denis,779.3472900390625
2,1,"37,3",2,1058,saint-denis,810.4796752929688
4,3,73,2,1290,saint-denis,858.69677734375
3,2,55,1,995,saint-denis,1033.6229248046875
4,3,"72,9",1,1523,saint-denis,858.69677734375
3,2,70,3,1290,saint-denis,1097.48291015625
2,1,45,1,1280,saint-denis,855.4346923828125
2,1,33,5,661,rouen,596.6326293945312
3,1,44,0,627,rouen,695.6092529296875
3,2,58,1,740,rouen,801.6107788085938
2,1,55,0,930,rouen,732.5625610351562
3,2,72,3,864,rouen,856.2111206054688
2,1,42,0,604,rouen,604.1954345703125
3,2,48,1,650,rouen,728.6450805664062
2,1,49,3,749,rouen,697.8851928710938
2,1,59,0,766,rouen,749.2228393554688
3,2,40,2,889,rouen,653.8535766601562
2,1,45,3,565,rouen,628.984619140625
2,1,36,2,600,rouen,575.7728271484375
3,2,72,1,898,rouen,866.3812866210938
3,2,65,1,865,rouen,816.5579833984375
3,2,63,2,936,rouen,806.3878173828125
2,1,26,3,534,rouen,538.634765625
4,3,82,2,999,rouen,836.9117431640625
3,2,67,3,750,rouen,806.3878173828125
2,1,40,1,561,rouen,596.4036254882812
3,2,54,3,730,rouen,774.7803344726562
2,1,39,4,560,rouen,586.2334594726562
2,1,"35,8",2,830,rouen,575.7728271484375
4,3,"73,4",3,419,rouen,640.3321533203125
4,2,70,3,1050,rouen,770.2941284179688
6,5,92,2,390,rouen,661.7672119140625
2,1,33,0,645,roubaix,587.4637451171875
7,6,115,3,380,roubaix,732.4905395507812
3,2,54,1,850,roubaix,784.9505004882812
3,2,44,2,390,roubaix,696.604736328125
5,4,120,0,495,roubaix,1101.4295654296875
3,2,74,2,742,roubaix,856.2111206054688
5,4,97,1,400,roubaix,831.9180297851562
5,5,107,0,370,roubaix,1018.5294189453125
1,3,83,4,1200,roubaix,792.6917114257812
2,1,24,2,505,roubaix,513.5809936523438
1,2,14,3,475,roubaix,448.4173889160156
2,1,41,0,730,roubaix,597.9243774414062
3,2,55,1,760,roubaix,784.9505004882812
6,4,185,0,490,roubaix,1372.078369140625
2,1,40,4,620,roubaix,586.2334594726562
2,1,54,0,700,roubaix,726.29150390625
5,4,96,2,515,roubaix,756.3524169921875
4,4,"95,4",0,825,roubaix,814.1516723632812
4,3,"86,1",4,1105,rennes,914.3613891601562
4,3,"69,3",0,890,rennes,676.0997314453125
2,1,30,2,650,rennes,652.9415893554688
5,4,"93,9",12,500,rennes,691.25830078125
5,4,"74,6",1,479,rennes,620.0714721679688
5,4,"76,4",8,470,rennes,534.6438598632812
5,4,"76,4",8,450,rennes,534.6438598632812
5,4,"76,4",8,470,rennes,534.6438598632812
5,4,"76,4",8,450,rennes,534.6438598632812
5,4,"62,2",4,450,rennes,578.3455200195312
5,4,90,2,435,rennes,710.7109985351562
5,4,90,2,435,rennes,710.7109985351562
7,6,"92,8",0,524,rennes,580.9124145507812
4,3,77,2,912,rennes,779.0174560546875
1,2,10,9,500,rennes,531.0023193359375
1,4,12,3,410,rennes,445.9727478027344
1,2,11,3,460,rennes,534.7423706054688
3,2,53,4,1200,rennes,854.1986694335938
1,2,10,1,504,rennes,534.7423706054688
1,2,11,1,465,rennes,534.7423706054688
4,3,"75,9",2,500,rennes,715.2955932617188
4,3,66,9,510,rennes,683.1154174804688
3,2,64,0,740,reims,818.0787353515625
3,2,86,4,860,reims,1003.6942749023438
2,1,59,0,790,reims,742.9517822265625
2,1,33,0,600,reims,587.4637451171875
4,2,75,2,915,reims,809.489990234375
2,1,36,2,420,reims,575.7728271484375
2,1,47,1,760,reims,661.0249633789062
4,3,76,3,950,reims,645.5537719726562
5,3,81,4,1030,reims,888.4314575195312
3,2,56,6,810,reims,795.64013671875
3,2,67,1,840,reims,816.5579833984375
1,2,11,5,490,reims,447.6932373046875
2,1,27,1,630,reims,563.0673828125
2,1,29,5,870,reims,586.5437622070312
2,1,49,3,710,reims,697.8851928710938
1,3,11,3,500,reims,431.412841796875
4,3,57,2,790,reims,598.606201171875
2,1,38,0,543,perpignan,595.7205810546875
3,2,64,2,650,perpignan,806.3878173828125
3,2,60,3,650,perpignan,791.4406127929688
2,1,51,2,732,perpignan,705.3256225585938
3,2,65,5,690,perpignan,827.2476196289062
3,2,64,0,950,perpignan,818.0787353515625
2,1,"39,2",0,790,perpignan,597.9243774414062
2,1,32,0,350,perpignan,587.4637451171875
4,3,73,1,740,perpignan,650.5023193359375
2,1,47,2,608,perpignan,650.8547973632812
3,2,65,0,780,perpignan,818.0787353515625
2,1,"39,8",0,522,perpignan,597.9243774414062
1,2,10,4,395,perpignan,448.4173889160156
3,2,85,3,710,perpignan,1003.6942749023438
2,1,45,0,600,perpignan,640.675537109375
3,2,55,1,647,perpignan,784.9505004882812
2,1,41,0,450,perpignan,597.9243774414062
3,2,63,3,712,perpignan,806.3878173828125
2,1,41,3,720,perpignan,586.2334594726562
3,2,"60,8",2,820,perpignan,791.4406127929688
3,2,"65,2",2,500,perpignan,806.3878173828125
3,2,"84,9",2,850,perpignan,998.3097534179688
3,2,63,0,900,perpignan,818.0787353515625
5,2,"141,3",3,6500,paris,7000.19189453125
2,1,38,4,1350,paris,1778.5001220703125
2,1,64,11,1970,paris,2274.732177734375
5,3,117,2,3944,paris,4188.9658203125
3,2,77,4,2900,paris,2509.31591796875
2,2,"42,5",4,1572,paris,1970.0284423828125
2,1,"40,8",1,1575,paris,1668.179931640625
4,3,98,3,3205,paris,3745.9521484375
2,1,53,2,2090,paris,2072.244384765625
4,2,88,9,2901,paris,3308.247802734375
2,2,55,1,3711,paris,1952.73095703125
4,4,93,2,2750,paris,3947.69384765625
4,3,88,1,2700,paris,2730.58203125
5,3,"120,5",7,3895,paris,4246.1279296875
3,2,79,12,2845,paris,2527.35888671875
3,2,75,16,2790,paris,2523.502685546875
4,2,120,3,4000,paris,4325.7724609375
2,1,28,2,620,paris,1528.763916015625
3,2,107,8,4096,paris,3640.432373046875
2,1,46,1,1690,paris,1709.5428466796875
2,1,"63,5",6,3300,paris,2093.10400390625
4,3,95,3,2790,paris,3718.15673828125
2,1,38,5,1750,paris,1799.3599853515625
3,2,74,2,2390,paris,2410.08056640625
2,1,"49,2",2,675,orleans,2013.9144287109375
3,2,"62,2",2,826,orleans,2254.394287109375
1,1,9,4,430,orleans,1079.662353515625
2,1,40,2,558,orleans,1948.88818359375
3,2,67,0,790,orleans,2101.51611328125
2,1,38,2,650,orleans,1818.155029296875
2,1,"54,2",2,676,orleans,2111.899169921875
2,1,45,2,512,orleans,2013.9144287109375
5,4,"85,4",0,447,orleans,2980.439697265625
2,1,40,2,585,orleans,1948.88818359375
2,1,37,1,525,orleans,1496.5870361328125
4,2,"130,7",2,1350,orleans,4446.42236328125
4,3,71,2,400,orleans,2305.399658203125
3,2,60,1,940,orleans,2074.085693359375
6,5,80,5,423,orleans,4667.2119140625
2,1,"33,1",0,595,orleans,1252.299072265625
2,1,"32,9",2,550,orleans,1515.8306884765625
2,1,34,3,540,nîmes,472.9593200683594
2,1,39,1,815,nîmes,709.5761108398438
2,1,37,2,540,nîmes,471.4385681152344
2,1,45,0,550,nîmes,529.2781982421875
2,1,34,0,490,nîmes,788.1380004882812
3,2,64,0,760,nîmes,816.5579833984375
3,2,58,0,787,nîmes,770.2941284179688
2,1,26,0,430,nîmes,1288.217529296875
2,1,35,1,445,nîmes,726.1854248046875
3,2,"79,4",2,900,nîmes,639.15478515625
3,2,64,0,680,nîmes,527.6761474609375
3,2,"63,9",1,700,nîmes,601.1362915039062
2,1,"38,2",2,430,nîmes,784.9505004882812
2,1,35,0,700,nîmes,575.7728271484375
3,2,71,2,850,nîmes,728.6450805664062
4,3,"82,5",3,445,nîmes,648.92578125
2,1,"30,8",2,600,nîmes,661.1919555664062
3,2,57,0,795,nîmes,538.1367797851562
3,2,92,0,1300,nîmes,697.8851928710938
2,1,"41,8",3,583,nîmes,801.6107788085938
5,4,70,5,414,nîmes,539.3670654296875
2,1,"51,3",1,900,nîmes,1070.6661376953125
3,2,61,4,763,nîmes,1096.74755859375
4,3,66,1,429,nîmes,1066.656005859375
3,2,"71,4",0,1690,nice,1373.435791015625
3,2,"88,3",0,1830,nice,1823.3204345703125
2,1,42,2,950,nice,1187.201171875
3,2,55,4,1500,nice,1305.4581298828125
2,1,"22,9",5,698,nice,1008.8446044921875
3,2,85,0,2200,nice,1737.7894287109375
3,2,76,1,2999,nice,1585.29541015625
2,1,48,6,1800,nice,1251.050048828125
2,1,"52,5",1,1240,nice,1134.778564453125
3,2,"52,6",4,1400,nice,1297.2373046875
3,2,87,1,1800,nice,1823.3204345703125
3,2,85,2,1490,nice,1796.4722900390625
2,1,"32,8",3,965,nice,1077.17041015625
2,1,"38,9",0,1100,nice,1064.8607177734375
2,1,20,0,920,nice,858.8638916015625
2,1,48,5,1799,nice,1251.050048828125
2,1,30,1,1120,nice,927.0081787109375
2,1,42,2,700,nice,1187.201171875
2,1,21,5,595,nantes,578.5369873046875
2,1,40,1,1171,nantes,645.2153930664062
2,1,36,2,790,nantes,634.7547607421875
3,2,58,2,899,nantes,827.6399536132812
2,1,35,2,950,nantes,634.7547607421875
2,1,53,3,850,nantes,773.5824584960938
2,1,38,2,853,nantes,643.0115966796875
3,2,63,3,891,nantes,842.587158203125
1,2,80,4,490,nantes,757.9943237304688
2,1,48,2,950,nantes,709.8367309570312
3,2,83,4,1156,nantes,1028.865234375
2,1,39,2,675,nantes,645.2153930664062
3,2,73,1,999,nantes,892.4104614257812
2,1,34,4,758,nantes,634.7547607421875
3,2,62,5,1069,nantes,863.4469604492188
2,1,33,3,720,nantes,634.7547607421875
4,3,105,3,1307,nantes,1261.8814697265625
2,1,42,2,593,nantes,645.2153930664062
3,2,65,1,920,nantes,842.587158203125
2,1,52,0,890,nantes,764.3074951171875
3,2,51,0,955,nantes,801.7047119140625
2,1,35,1,580,nantes,634.7547607421875
2,1,45,3,1300,nanterre,1215.592529296875
5,3,103,10,3000,nanterre,2179.8466796875
2,1,37,3,1190,nanterre,1143.4862060546875
4,2,81,2,1750,nanterre,1888.8433837890625
4,3,100,4,2700,nanterre,1985.7880859375
4,3,85,3,1829,nanterre,1592.2041015625
2,1,54,2,1790,nanterre,1197.9627685546875
3,2,47,4,986,nanterre,1340.870361328125
3,2,66,1,1752,nanterre,1328.6761474609375
5,3,124,2,2550,nanterre,2313.283447265625
3,2,"46,6",1,1057,nanterre,1265.742431640625
3,2,65,1,1510,nanterre,1301.2462158203125
3,2,69,3,1630,nanterre,1427.344970703125
2,1,29,1,660,nanterre,926.2424926757812
2,1,34,6,950,nanterre,1083.4327392578125
2,1,36,0,1150,nanterre,983.1815795898438
1,2,60,17,940,nanterre,1431.12939453125
4,3,92,1,2050,nanterre,1737.905517578125
2,1,38,0,1190,nanterre,1064.0950927734375
3,2,70,4,1750,nanterre,1427.344970703125
1,2,12,6,750,nanterre,908.98779296875
1,1,140,0,960,nanterre,3026.795166015625
1,3,9,0,655,nanterre,701.793212890625
1,2,12,0,910,nanterre,830.3208618164062
4,3,103,6,2550,nanterre,1986.5938720703125
4,2,75,7,1800,nanterre,1834.23095703125
2,1,"30,2",3,573,nancy,652.9415893554688
3,2,"49,1",0,720,nancy,844.9237060546875
2,1,19,3,430,nancy,580.700439453125
3,2,66,3,725,nancy,885.80615234375
4,3,84,5,1100,nancy,916.180908203125
2,1,43,3,660,nancy,716.2422485351562
3,2,88,15,950,nancy,1225.1749267578125
8,7,170,2,400,nancy,1360.1739501953125
4,3,132,2,1320,nancy,1521.9407958984375
3,2,57,5,890,nancy,891.71875
2,1,26,4,690,nancy,625.8923950195312
3,1,80,0,950,nancy,909.929931640625
8,7,167,9,450,nancy,1528.4443359375
8,7,167,9,450,nancy,1528.4443359375
2,1,37,0,520,mulhouse,671.2872924804688
3,2,75,0,750,mulhouse,922.06884765625
2,1,50,0,711,mulhouse,773.5806274414062
3,2,54,3,598,mulhouse,854.1986694335938
4,3,85,4,1143,mulhouse,914.3613891601562
3,1,"70,8",0,860,mulhouse,893.2171630859375
3,2,64,2,600,mulhouse,885.80615234375
5,4,135,1,1490,mulhouse,1359.9267578125
6,5,100,2,462,mulhouse,812.0883178710938
2,1,41,0,650,mulhouse,673.4910888671875
3,2,"47,4",0,450,mulhouse,809.4555053710938
2,1,25,3,520,mulhouse,584.9163818359375
2,1,"43,5",2,665,mulhouse,716.2422485351562
2,1,32,3,479,mulhouse,663.0304565429688
2,1,"31,5",2,430,mulhouse,663.0304565429688
4,2,95,2,990,mulhouse,1135.247802734375
1,2,11,1,440,mulhouse,534.7423706054688
2,1,"54,7",5,700,mulhouse,811.1558227539062
4,3,"120,3",1,1040,mulhouse,1349.5621337890625
3,2,59,4,615,mulhouse,870.8589477539062
3,2,57,3,949,montpellier,827.6399536132812
3,1,77,3,1600,montpellier,893.2164306640625
2,1,40,4,762,montpellier,645.2153930664062
4,2,97,2,1438,montpellier,1165.5257568359375
2,1,37,4,698,montpellier,643.0115966796875
3,2,66,0,993,montpellier,842.587158203125
3,2,"54,7",7,990,montpellier,820.525390625
3,2,65,2,850,montpellier,842.587158203125
2,1,"51,2",1,819,montpellier,764.3074951171875
2,1,35,2,553,montpellier,634.7547607421875
2,1,"49,4",1,784,montpellier,756.8670654296875
3,2,71,4,930,montpellier,888.400390625
2,1,"26,9",2,580,montpellier,597.61669921875
3,2,"66,3",0,1053,montpellier,842.587158203125
2,1,"45,7",2,799,montpellier,687.966552734375
2,1,"47,6",2,546,montpellier,709.8367309570312
2,1,44,2,599,metz,687.966552734375
2,1,48,4,600,metz,709.8367309570312
2,1,55,5,735,metz,794.4422607421875
3,2,73,3,842,metz,892.4104614257812
7,4,171,2,1300,metz,2088.56884765625
2,1,48,2,720,metz,709.8367309570312
5,3,122,3,1005,metz,1340.8619384765625
3,2,74,1,765,metz,892.4104614257812
2,1,47,3,765,metz,709.8367309570312
4,2,84,2,770,metz,1002.8151245117188
3,2,73,2,1100,metz,892.4104614257812
2,1,48,1,695,metz,709.8367309570312
2,1,38,0,625,metz,643.0115966796875
5,4,110,2,460,metz,1141.8099365234375
5,4,80,3,400,metz,742.0611572265625
3,2,93,2,800,metz,1057.8836669921875
4,2,"85,5",0,865,metz,1008.1996459960938
2,1,"40,5",2,670,metz,645.2153930664062
5,3,101,2,1100,metz,1241.615478515625
4,3,68,4,530,metz,637.335693359375
2,1,"60,6",3,1080,metz,790.2427368164062
1,3,9,4,510,metz,424.6914978027344
3,2,"66,9",1,885,metz,842.587158203125
4,2,95,0,1200,metz,1118.681640625
6,5,103,3,470,metz,782.615966796875
2,1,30,0,830,marseille,773.3106689453125
4,3,"93,2",4,2600,marseille,1162.7747802734375
4,3,"130,2",6,2990,marseille,2043.673095703125
3,2,98,7,3500,marseille,1644.0638427734375
5,3,"212,1",2,3500,marseille,3975.84521484375
4,3,91,5,2000,marseille,1183.6346435546875
3,2,54,1,1020,marseille,1080.89111328125
3,2,"73,7",1,2500,marseille,1208.381591796875
3,2,"53,2",0,1100,marseille,1080.89111328125
2,1,"43,5",1,789,marseille,836.611328125
2,1,"36,2",0,850,marseille,783.3994750976562
3,2,60,6,1280,marseille,1166.2900390625
3,2,53,1,1080,marseille,1080.89111328125
2,1,27,1,760,marseille,760.52392578125
3,2,38,0,729,marseille,916.93408203125
2,1,30,1,680,marseille,773.3106689453125
2,1,54,2,1385,marseille,963.0537719726562
3,2,83,0,1150,marseille,1269.2730712890625
2,1,54,1,819,marseille,963.0537719726562
3,2,65,1,1216,marseille,1160.37744140625
4,3,81,8,1316,marseille,1140.3526611328125
3,2,59,2,1178,marseille,1145.43017578125
3,2,58,3,1030,marseille,1145.43017578125
2,1,60,5,1190,lyon,986.467529296875
5,4,90,1,650,lyon,801.01953125
3,2,78,5,1198,lyon,1146.796875
4,3,124,3,1759,lyon,1692.4759521484375
3,2,68,1,2400,lyon,1109.224365234375
3,2,60,3,2400,lyon,1050.2833251953125
3,2,63,3,961,lyon,1065.2305908203125
3,2,"60,5",1,937,lyon,1050.2833251953125
3,2,115,18,1390,lyon,1831.9583740234375
2,1,"43,5",5,786,lyon,876.2944946289062
2,1,48,2,1900,lyon,896.7637939453125
2,1,55,4,1150,lyon,948.9474487304688
3,2,72,3,2350,lyon,1113.2344970703125
4,3,72,2,1950,lyon,870.4381713867188
3,2,60,0,2100,lyon,1050.2833251953125
3,2,"66,1",5,898,lyon,1086.0904541015625
2,1,44,0,1700,lyon,855.4346923828125
5,3,141,3,4975,lyon,2282.23095703125
3,2,43,0,1120,lyon,947.5504760742188
3,2,60,1,960,lyon,1050.2833251953125
5,4,114,1,2500,lyon,1521.53271484375
3,2,"58,8",6,946,lyon,1071.1431884765625
3,2,"58,8",4,904,lyon,1050.2833251953125
3,2,83,0,1351,lyon,1197.650390625
6,1,90,3,500,lyon,2728.645751953125
4,2,112,6,1711,lyon,1965.8568115234375
7,1,105,1,400,lyon,2972.0810546875
6,2,80,4,400,lyon,2482.445068359375
2,1,60,5,1190,lyon,986.467529296875
5,4,90,1,650,lyon,801.01953125
3,2,78,5,1198,lyon,1146.796875
4,3,124,3,1759,lyon,1692.4759521484375
3,2,68,1,2400,lyon,1109.224365234375
3,2,60,3,2400,lyon,1050.2833251953125
3,2,63,3,961,lyon,1065.2305908203125
3,2,"60,5",1,937,lyon,1050.2833251953125
3,2,115,18,1390,lyon,1831.9583740234375
2,1,"43,5",5,786,lyon,876.2944946289062
2,1,48,2,1900,lyon,896.7637939453125
2,1,55,4,1150,lyon,948.9474487304688
3,2,72,3,2350,lyon,1113.2344970703125
4,3,72,2,1950,lyon,870.4381713867188
3,2,60,0,2100,lyon,1050.2833251953125
3,2,"66,1",5,898,lyon,1086.0904541015625
2,1,44,0,1700,lyon,855.4346923828125
5,3,141,3,4975,lyon,2282.23095703125
3,2,43,0,1120,lyon,947.5504760742188
3,2,60,1,960,lyon,1050.2833251953125
5,4,114,1,2500,lyon,1521.53271484375
3,2,"58,8",6,946,lyon,1071.1431884765625
3,2,"58,8",4,904,lyon,1050.2833251953125
3,2,83,0,1351,lyon,1197.650390625
6,1,90,3,500,lyon,2728.645751953125
4,2,112,6,1711,lyon,1965.8568115234375
7,1,105,1,400,lyon,2972.0810546875
6,2,80,4,400,lyon,2482.445068359375
4,3,"75,9",2,1023,lille,676.5315551757812
2,1,37,0,674,lille,643.0115966796875
3,2,66,3,1023,lille,842.587158203125
2,1,53,0,874,lille,773.5824584960938
3,2,62,2,937,lille,842.587158203125
2,1,"33,5",1,750,lille,634.7547607421875
4,3,85,3,1168,lille,897.7952270507812
1,1,13,3,400,lille,499.47332763671875
4,3,"62,9",2,870,lemans,2267.247314453125
2,1,27,0,575,lemans,1252.299072265625
2,1,46,3,545,lemans,2013.9144287109375
3,2,67,2,1350,lemans,2281.82421875
3,2,60,2,800,lemans,2254.394287109375
2,1,40,3,680,lemans,1948.88818359375
2,1,43,1,990,lemans,1749.19775390625
5,4,80,2,380,lemans,2718.4345703125
3,2,62,0,1390,lemans,2074.085693359375
2,1,"22,6",3,570,lemans,1463.6505126953125
1,3,9,4,400,lemans,914.2129516601562
3,2,"52,3",1,740,lemans,2027.099609375
4,3,64,0,780,lemans,2102.42138671875
2,1,36,1,680,lemans,1295.3404541015625
3,2,"46,6",2,740,lemans,2126.139404296875
2,1,38,2,700,lemans,1818.155029296875
2,1,24,2,600,lemans,1467.866455078125
1,7,270,1,560,lemans,9976.2197265625
2,1,"38,7",0,660,lemans,1549.1751708984375
2,1,"27,6",5,600,lemans,1536.6905517578125
2,1,43,1,590,lemans,1749.19775390625
3,2,"54,8",5,835,le-havre,2275.25390625
4,3,72,1,500,le-havre,2161.125
4,3,"88,4",4,1295,le-havre,2916.6591796875
6,5,98,1,1480,le-havre,5520.39453125
2,1,"40,4",1,590,le-havre,1707.8348388671875
2,1,23,1,490,le-havre,1243.1602783203125
4,3,67,0,1200,le-havre,2102.42138671875
2,1,41,3,580,le-havre,1948.88818359375
2,1,"46,3",2,650,le-havre,2013.9144287109375
3,2,"60,3",4,750,le-havre,2254.394287109375
3,2,"66,7",2,740,le-havre,2281.82421875
3,2,"64,4",1,750,le-havre,2074.085693359375
6,4,"125,9",1,1795,le-havre,6253.63916015625
2,1,"29,7",4,530,le-havre,1515.8306884765625
4,3,"77,5",3,825,le-havre,2491.074951171875
5,3,"97,2",3,1270,le-havre,3512.72314453125
2,1,49,1,550,le-havre,1749.19775390625
3,2,83,1,1350,le-havre,2378.486572265625
2,1,42,1,660,le-havre,1707.8348388671875
2,1,36,0,540,le-havre,1252.299072265625
5,3,"144,3",2,1746,le-havre,5419.28173828125
3,2,72,2,650,le-havre,2415.425048828125
4,3,64,4,950,le-havre,2267.247314453125
7,6,84,2,395,grenoble,680.0636596679688
5,4,89,0,390,grenoble,867.1598510742188
3,2,65,5,815,grenoble,876.391845703125
2,1,"50,1",3,679,grenoble,756.8670654296875
2,1,60,2,600,grenoble,790.2427368164062
2,1,"41,7",4,571,grenoble,645.2153930664062
2,1,52,0,795,grenoble,764.3074951171875
3,2,85,1,1144,grenoble,1052.8385009765625
2,1,"45,1",0,693,grenoble,687.966552734375
3,2,61,5,922,grenoble,861.4446411132812
4,3,"82,8",2,1064,grenoble,886.0559692382812
2,1,46,0,824,grenoble,697.737548828125
3,2,61,3,899,grenoble,840.5848388671875
3,2,43,2,700,grenoble,745.7489624023438
6,4,147,4,2490,grenoble,1306.3726806640625
2,1,28,1,500,grenoble,624.6658935546875
5,4,60,2,380,grenoble,629.1805419921875
2,1,31,2,590,grenoble,634.7547607421875
2,1,"37,4",1,628,grenoble,643.0115966796875
2,1,32,0,590,dijon,634.7547607421875
2,1,42,1,833,dijon,645.2153930664062
4,3,81,3,600,dijon,849.5868530273438
3,2,68,1,593,dijon,888.400390625
3,2,56,2,700,dijon,810.9796752929688
4,3,"75,5",2,857,dijon,676.5315551757812
4,3,"85,7",3,1200,dijon,897.7952270507812
2,1,33,3,710,dijon,634.7547607421875
2,1,"38,6",0,660,dijon,643.0115966796875
3,2,56,0,860,dijon,810.9796752929688
4,2,60,3,880,dijon,754.550048828125
1,4,13,4,397,dijon,450.81317138671875
3,2,59,2,815,dijon,827.6399536132812
2,1,45,3,642,dijon,687.966552734375
5,4,64,1,400,dijon,578.825927734375
6,5,94,1,500,dijon,685.85595703125
3,2,65,2,950,dijon,842.587158203125
4,3,70,3,1050,dijon,637.335693359375
1,3,10,2,395,dijon,483.333984375
